,片名,戲院,類型,時刻,日期
0,再會啦 白宮,台北真善美劇院,數位,12:30,2022-05-23
1,再會啦 白宮,台北真善美劇院,數位,20:55,2022-05-23
2,再會啦 白宮,台北信義威秀影城,數位,09:50,2022-05-23
3,再會啦 白宮,台北信義威秀影城,數位,17:10,2022-05-23
4,再會啦 白宮,台北信義威秀影城,數位,20:55,2022-05-23
5,再會啦 白宮,喜樂時代影城南港店,數位,11:00,2022-05-23
6,再會啦 白宮,喜樂時代影城南港店,數位,15:10,2022-05-23
7,再會啦 白宮,喜樂時代影城南港店,數位,19:00,2022-05-23
8,再會啦 白宮,台北真善美劇院,數位,12:30,2022-05-24
9,再會啦 白宮,台北真善美劇院,數位,20:40,2022-05-24
10,再會啦 白宮,台北信義威秀影城,數位,09:50,2022-05-24
11,再會啦 白宮,台北信義威秀影城,數位,17:10,2022-05-24
12,再會啦 白宮,台北信義威秀影城,數位,20:55,2022-05-24
13,再會啦 白宮,喜樂時代影城南港店,數位,11:00,2022-05-24
14,再會啦 白宮,喜樂時代影城南港店,數位,15:10,2022-05-24
15,再會啦 白宮,喜樂時代影城南港店,數位,19:00,2022-05-24
16,再會啦 白宮,台北真善美劇院,數位,14:10,2022-05-25
17,再會啦 白宮,台北真善美劇院,數位,17:50,2022-05-25
18,再會啦 白宮,台北真善美劇院,數位,12:30,2022-05-26
19,再會啦 白宮,台北真善美劇院,數位,20:55,2022-05-26
20,給阿媽的一封信,台北真善美劇院,數位,12:20,2022-05-23
21,給阿媽的一封信,台北真善美劇院,數位,20:40,2022-05-23
22,給阿媽的一封信,台北信義威秀影城,數位,11:10,2022-05-23
23,給阿媽的一封信,台北信義威秀影城,數位,15:15,2022-05-23
24,給阿媽的一封信,台北信義威秀影城,數位,19:00,2022-05-23
25,給阿媽的一封信,光點華山電影館,數位,13:45,2022-05-23
26,給阿媽的一封信,光點華山電影館,數位,18:05,2022-05-23
27,給阿媽的一封信,喜樂時代影城南港店,數位,14:55,2022-05-23
28,給阿媽的一封信,喜樂時代影城南港店,數位,19:10,2022-05-23
29,給阿媽的一封信,台北真善美劇院,數位,12:20,2022-05-24
30,給阿媽的一封信,台北真善美劇院,數位,20:40,2022-05-24
31,給阿媽的一封信,台北信義威秀影城,數位,11:10,2022-05-24
32,給阿媽的一封信,台北信義威秀影城,數位,15:15,2022-05-24
33,給阿媽的一封信,台北信義威秀影城,數位,19:00,2022-05-24
34,給阿媽的一封信,喜樂時代影城南港店,數位,14:55,2022-05-24
35,給阿媽的一封信,喜樂時代影城南港店,數位,19:10,2022-05-24
36,給阿媽的一封信,台北真善美劇院,數位,12:20,2022-05-25
37,給阿媽的一封信,台北真善美劇院,數位,20:40,2022-05-25
38,給阿媽的一封信,台北真善美劇院,數位,12:20,2022-05-26
39,給阿媽的一封信,台北真善美劇院,數位,20:40,2022-05-26
40,安妮詩快跑,國賓影城(台北長春廣場),數位,15:00,2022-05-23
41,安妮詩快跑,國賓影城(台北長春廣場),數位,19:00,2022-05-23
42,安妮詩快跑,台北真善美劇院,數位,19:00,2022-05-23
43,安妮詩快跑,喜樂時代影城南港店,數位,13:05,2022-05-23
44,安妮詩快跑,喜樂時代影城南港店,數位,15:15,2022-05-23
45,安妮詩快跑,喜樂時代影城南港店,數位,19:05,2022-05-23
46,安妮詩快跑,MUVIE CINEMAS台北松仁威秀,數位,13:35,2022-05-23
47,安妮詩快跑,MUVIE CINEMAS台北松仁威秀,數位,18:25,2022-05-23
48,安妮詩快跑,台北真善美劇院,數位,19:00,2022-05-24
49,安妮詩快跑,喜樂時代影城南港店,數位,13:20,2022-05-24
50,安妮詩快跑,喜樂時代影城南港店,數位,17:10,2022-05-24
51,安妮詩快跑,喜樂時代影城南港店,數位,20:20,2022-05-24
52,安妮詩快跑,MUVIE CINEMAS台北松仁威秀,數位,13:35,2022-05-24
53,安妮詩快跑,MUVIE CINEMAS台北松仁威秀,數位,18:25,2022-05-24
54,安妮詩快跑,台北真善美劇院,數位,19:00,2022-05-25
55,安妮詩快跑,台北真善美劇院,數位,19:00,2022-05-26
56,犯罪都市2,欣欣秀泰影城,數位,11:00,2022-05-23
57,犯罪都市2,欣欣秀泰影城,數位,13:10,2022-05-23
58,犯罪都市2,欣欣秀泰影城,數位,15:20,2022-05-23
59,犯罪都市2,欣欣秀泰影城,數位,17:30,2022-05-23
60,犯罪都市2,欣欣秀泰影城,數位,19:40,2022-05-23
61,犯罪都市2,欣欣秀泰影城,數位,21:50,2022-05-23
62,犯罪都市2,欣欣秀泰影城,數位,00:00,2022-05-23
63,犯罪都市2,台北美麗華大直影城,數位,09:00,2022-05-23
64,犯罪都市2,台北美麗華大直影城,數位,11:10,2022-05-23
65,犯罪都市2,台北美麗華大直影城,數位,15:10,2022-05-23
66,犯罪都市2,台北美麗華大直影城,數位,17:20,2022-05-23
67,犯罪都市2,台北美麗華大直影城,數位,19:30,2022-05-23
68,犯罪都市2,台北美麗華大直影城,數位,21:30,2022-05-23
69,犯罪都市2,台北美麗華大直影城,數位,23:50,2022-05-23
70,犯罪都市2,台北新光影城,數位,12:05,2022-05-23
71,犯罪都市2,台北新光影城,數位,14:50,2022-05-23
72,犯罪都市2,台北新光影城,數位,16:55,2022-05-23
73,犯罪都市2,台北新光影城,數位,20:10,2022-05-23
74,犯罪都市2,台北樂聲影城,數位,09:20,2022-05-23
75,犯罪都市2,台北樂聲影城,數位,11:25,2022-05-23
76,犯罪都市2,台北樂聲影城,數位,13:30,2022-05-23
77,犯罪都市2,台北樂聲影城,數位,15:35,2022-05-23
78,犯罪都市2,台北樂聲影城,數位,17:40,2022-05-23
79,犯罪都市2,台北樂聲影城,數位,19:45,2022-05-23
80,犯罪都市2,台北樂聲影城,數位,21:50,2022-05-23
81,犯罪都市2,台北樂聲影城,數位,22:40,2022-05-23
82,犯罪都市2,台北樂聲影城,數位,23:55,2022-05-23
83,犯罪都市2,台北樂聲影城,數位,00:40,2022-05-23
84,犯罪都市2,台北樂聲影城,數位,02:00,2022-05-23
85,犯罪都市2,台北樂聲影城,數位,03:00,2022-05-23
86,犯罪都市2,喜滿客絕色影城,數位,13:40,2022-05-23
87,犯罪都市2,喜滿客絕色影城,數位,15:05,2022-05-23
88,犯罪都市2,喜滿客絕色影城,數位,17:15,2022-05-23
89,犯罪都市2,喜滿客絕色影城,數位,19:25,2022-05-23
90,犯罪都市2,喜滿客絕色影城,數位,21:30,2022-05-23
91,犯罪都市2,台北信義威秀影城,數位,11:00,2022-05-23
92,犯罪都市2,台北信義威秀影城,數位,14:50,2022-05-23
93,犯罪都市2,台北信義威秀影城,數位,16:55,2022-05-23
94,犯罪都市2,台北信義威秀影城,數位,20:45,2022-05-23
95,犯罪都市2,台北信義威秀影城,數位,22:50,2022-05-23
96,犯罪都市2,哈拉影城,數位,11:30,2022-05-23
97,犯罪都市2,哈拉影城,數位,14:10,2022-05-23
98,犯罪都市2,哈拉影城,數位,16:10,2022-05-23
99,犯罪都市2,哈拉影城,數位,18:10,2022-05-23
100,犯罪都市2,哈拉影城,數位,20:10,2022-05-23
101,犯罪都市2,東南亞秀泰影城,數位,10:00,2022-05-23
102,犯罪都市2,東南亞秀泰影城,數位,14:20,2022-05-23
103,犯罪都市2,東南亞秀泰影城,數位,18:40,2022-05-23
104,犯罪都市2,東南亞秀泰影城,數位,20:50,2022-05-23
105,犯罪都市2,東南亞秀泰影城,數位,23:00,2022-05-23
106,犯罪都市2,今日秀泰影城,數位,10:30,2022-05-23
107,犯罪都市2,今日秀泰影城,數位,12:40,2022-05-23
108,犯罪都市2,今日秀泰影城,數位,14:50,2022-05-23
109,犯罪都市2,今日秀泰影城,數位,17:00,2022-05-23
110,犯罪都市2,今日秀泰影城,數位,19:10,2022-05-23
111,犯罪都市2,今日秀泰影城,數位,21:20,2022-05-23
112,犯罪都市2,京站威秀影城,數位,10:00,2022-05-23
113,犯罪都市2,京站威秀影城,數位,14:45,2022-05-23
114,犯罪都市2,京站威秀影城,數位,19:30,2022-05-23
115,犯罪都市2,京站威秀影城,數位,23:40,2022-05-23
116,犯罪都市2,梅花數位影院,數位,12:30,2022-05-23
117,犯罪都市2,梅花數位影院,數位,15:00,2022-05-23
118,犯罪都市2,梅花數位影院,數位,16:50,2022-05-23
119,犯罪都市2,梅花數位影院,數位,19:20,2022-05-23
120,犯罪都市2,台北新民生戲院,數位,10:20,2022-05-23
121,犯罪都市2,台北新民生戲院,數位,14:50,2022-05-23
122,犯罪都市2,台北新民生戲院,數位,19:20,2022-05-23
123,犯罪都市2,台北新民生戲院,數位,23:50,2022-05-23
124,犯罪都市2,喜樂時代影城南港店,數位,11:00,2022-05-23
125,犯罪都市2,喜樂時代影城南港店,數位,13:05,2022-05-23
126,犯罪都市2,喜樂時代影城南港店,數位,15:10,2022-05-23
127,犯罪都市2,喜樂時代影城南港店,數位,17:15,2022-05-23
128,犯罪都市2,喜樂時代影城南港店,數位,19:20,2022-05-23
129,犯罪都市2,喜樂時代影城南港店,數位,21:25,2022-05-23
130,犯罪都市2,喜樂時代影城南港店,數位,22:25,2022-05-23
131,犯罪都市2,台北美麗華大直影城,數位,09:00,2022-05-24
132,犯罪都市2,台北美麗華大直影城,數位,11:10,2022-05-24
133,犯罪都市2,台北美麗華大直影城,數位,15:10,2022-05-24
134,犯罪都市2,台北美麗華大直影城,數位,17:20,2022-05-24
135,犯罪都市2,台北美麗華大直影城,數位,19:30,2022-05-24
136,犯罪都市2,台北美麗華大直影城,數位,21:30,2022-05-24
137,犯罪都市2,台北美麗華大直影城,數位,23:50,2022-05-24
138,犯罪都市2,台北新光影城,數位,12:05,2022-05-24
139,犯罪都市2,台北新光影城,數位,14:50,2022-05-24
140,犯罪都市2,台北新光影城,數位,16:55,2022-05-24
141,犯罪都市2,台北新光影城,數位,20:10,2022-05-24
142,犯罪都市2,台北in89豪華數位影城,數位,10:40,2022-05-24
143,犯罪都市2,台北樂聲影城,數位,09:20,2022-05-24
144,犯罪都市2,台北樂聲影城,數位,11:25,2022-05-24
145,犯罪都市2,台北樂聲影城,數位,13:30,2022-05-24
146,犯罪都市2,台北樂聲影城,數位,15:35,2022-05-24
147,犯罪都市2,台北樂聲影城,數位,17:40,2022-05-24
148,犯罪都市2,台北樂聲影城,數位,19:45,2022-05-24
149,犯罪都市2,台北樂聲影城,數位,21:50,2022-05-24
150,犯罪都市2,台北樂聲影城,數位,22:40,2022-05-24
151,犯罪都市2,台北樂聲影城,數位,23:55,2022-05-24
152,犯罪都市2,台北樂聲影城,數位,00:40,2022-05-24
153,犯罪都市2,台北樂聲影城,數位,02:00,2022-05-24
154,犯罪都市2,台北樂聲影城,數位,03:00,2022-05-24
155,犯罪都市2,喜滿客絕色影城,數位,13:40,2022-05-24
156,犯罪都市2,喜滿客絕色影城,數位,15:05,2022-05-24
157,犯罪都市2,喜滿客絕色影城,數位,17:15,2022-05-24
158,犯罪都市2,喜滿客絕色影城,數位,19:25,2022-05-24
159,犯罪都市2,喜滿客絕色影城,數位,21:30,2022-05-24
160,犯罪都市2,台北信義威秀影城,數位,11:00,2022-05-24
161,犯罪都市2,台北信義威秀影城,數位,14:50,2022-05-24
162,犯罪都市2,台北信義威秀影城,數位,16:55,2022-05-24
163,犯罪都市2,台北信義威秀影城,數位,20:45,2022-05-24
164,犯罪都市2,台北信義威秀影城,數位,22:50,2022-05-24
165,犯罪都市2,哈拉影城,數位,11:30,2022-05-24
166,犯罪都市2,哈拉影城,數位,14:10,2022-05-24
167,犯罪都市2,哈拉影城,數位,16:10,2022-05-24
168,犯罪都市2,哈拉影城,數位,18:10,2022-05-24
169,犯罪都市2,哈拉影城,數位,20:10,2022-05-24
170,犯罪都市2,京站威秀影城,數位,10:00,2022-05-24
171,犯罪都市2,京站威秀影城,數位,14:45,2022-05-24
172,犯罪都市2,京站威秀影城,數位,19:30,2022-05-24
173,犯罪都市2,京站威秀影城,數位,23:40,2022-05-24
174,犯罪都市2,梅花數位影院,數位,12:30,2022-05-24
175,犯罪都市2,梅花數位影院,數位,15:00,2022-05-24
176,犯罪都市2,梅花數位影院,數位,16:50,2022-05-24
177,犯罪都市2,梅花數位影院,數位,19:20,2022-05-24
178,犯罪都市2,台北新民生戲院,數位,10:20,2022-05-24
179,犯罪都市2,台北新民生戲院,數位,14:50,2022-05-24
180,犯罪都市2,台北新民生戲院,數位,19:20,2022-05-24
181,犯罪都市2,台北新民生戲院,數位,23:50,2022-05-24
182,犯罪都市2,喜樂時代影城南港店,數位,11:00,2022-05-24
183,犯罪都市2,喜樂時代影城南港店,數位,13:05,2022-05-24
184,犯罪都市2,喜樂時代影城南港店,數位,15:10,2022-05-24
185,犯罪都市2,喜樂時代影城南港店,數位,17:15,2022-05-24
186,犯罪都市2,喜樂時代影城南港店,數位,19:20,2022-05-24
187,犯罪都市2,喜樂時代影城南港店,數位,21:25,2022-05-24
188,犯罪都市2,喜樂時代影城南港店,數位,22:25,2022-05-24
189,犯罪都市2,台北樂聲影城,數位,09:20,2022-05-25
190,犯罪都市2,台北樂聲影城,數位,11:25,2022-05-25
191,犯罪都市2,台北樂聲影城,數位,13:30,2022-05-25
192,犯罪都市2,台北樂聲影城,數位,15:35,2022-05-25
193,犯罪都市2,台北樂聲影城,數位,17:40,2022-05-25
194,犯罪都市2,台北樂聲影城,數位,19:45,2022-05-25
195,犯罪都市2,台北樂聲影城,數位,21:50,2022-05-25
196,犯罪都市2,台北樂聲影城,數位,22:40,2022-05-25
197,犯罪都市2,台北樂聲影城,數位,23:55,2022-05-25
198,犯罪都市2,台北樂聲影城,數位,00:40,2022-05-25
199,犯罪都市2,台北樂聲影城,數位,02:00,2022-05-25
200,犯罪都市2,台北樂聲影城,數位,03:00,2022-05-25
201,犯罪都市2,台北樂聲影城,數位,09:20,2022-05-26
202,犯罪都市2,台北樂聲影城,數位,11:25,2022-05-26
203,犯罪都市2,台北樂聲影城,數位,13:30,2022-05-26
204,犯罪都市2,台北樂聲影城,數位,15:35,2022-05-26
205,犯罪都市2,台北樂聲影城,數位,17:40,2022-05-26
206,犯罪都市2,台北樂聲影城,數位,19:45,2022-05-26
207,犯罪都市2,台北樂聲影城,數位,21:50,2022-05-26
208,犯罪都市2,台北樂聲影城,數位,22:40,2022-05-26
209,犯罪都市2,台北樂聲影城,數位,23:55,2022-05-26
210,犯罪都市2,台北樂聲影城,數位,00:40,2022-05-26
211,犯罪都市2,台北樂聲影城,數位,02:00,2022-05-26
212,犯罪都市2,台北樂聲影城,數位,03:00,2022-05-26
213,牛首村,欣欣秀泰影城,數位,14:30,2022-05-23
214,牛首村,欣欣秀泰影城,數位,21:00,2022-05-23
215,牛首村,欣欣秀泰影城,數位,23:20,2022-05-23
216,牛首村,欣欣秀泰影城,數位,00:10,2022-05-23
217,牛首村,台北美麗華大直影城,數位,09:50,2022-05-23
218,牛首村,台北美麗華大直影城,數位,14:00,2022-05-23
219,牛首村,台北美麗華大直影城,數位,19:10,2022-05-23
220,牛首村,台北in89豪華數位影城,數位,10:10,2022-05-23
221,牛首村,台北in89豪華數位影城,數位,12:20,2022-05-23
222,牛首村,台北in89豪華數位影城,數位,17:20,2022-05-23
223,牛首村,台北in89豪華數位影城,數位,22:30,2022-05-23
224,牛首村,台北樂聲影城,數位,09:40,2022-05-23
225,牛首村,台北樂聲影城,數位,11:50,2022-05-23
226,牛首村,台北樂聲影城,數位,14:00,2022-05-23
227,牛首村,台北樂聲影城,數位,16:10,2022-05-23
228,牛首村,台北樂聲影城,數位,18:20,2022-05-23
229,牛首村,台北樂聲影城,數位,20:30,2022-05-23
230,牛首村,台北樂聲影城,數位,22:40,2022-05-23
231,牛首村,台北樂聲影城,數位,00:50,2022-05-23
232,牛首村,台北樂聲影城,數位,03:00,2022-05-23
233,牛首村,喜滿客絕色影城,數位,13:15,2022-05-23
234,牛首村,喜滿客絕色影城,數位,14:30,2022-05-23
235,牛首村,喜滿客絕色影城,數位,16:45,2022-05-23
236,牛首村,喜滿客絕色影城,數位,19:05,2022-05-23
237,牛首村,喜滿客絕色影城,數位,21:25,2022-05-23
238,牛首村,台北信義威秀影城,數位,10:10,2022-05-23
239,牛首村,台北信義威秀影城,數位,12:25,2022-05-23
240,牛首村,台北信義威秀影城,數位,16:50,2022-05-23
241,牛首村,台北信義威秀影城,數位,19:00,2022-05-23
242,牛首村,台北信義威秀影城,數位,23:55,2022-05-23
243,牛首村,哈拉影城,數位,15:40,2022-05-23
244,牛首村,哈拉影城,數位,21:10,2022-05-23
245,牛首村,今日秀泰影城,數位,10:30,2022-05-23
246,牛首村,今日秀泰影城,數位,15:10,2022-05-23
247,牛首村,今日秀泰影城,數位,17:30,2022-05-23
248,牛首村,今日秀泰影城,數位,19:50,2022-05-23
249,牛首村,今日秀泰影城,數位,22:10,2022-05-23
250,牛首村,京站威秀影城,數位,10:40,2022-05-23
251,牛首村,京站威秀影城,數位,15:05,2022-05-23
252,牛首村,京站威秀影城,數位,19:25,2022-05-23
253,牛首村,京站威秀影城,數位,23:25,2022-05-23
254,牛首村,喜樂時代影城南港店,數位,11:00,2022-05-23
255,牛首村,喜樂時代影城南港店,數位,15:25,2022-05-23
256,牛首村,喜樂時代影城南港店,數位,19:50,2022-05-23
257,牛首村,喜樂時代影城南港店,數位,22:05,2022-05-23
258,牛首村,台北美麗華大直影城,數位,09:50,2022-05-24
259,牛首村,台北美麗華大直影城,數位,14:00,2022-05-24
260,牛首村,台北美麗華大直影城,數位,19:10,2022-05-24
261,牛首村,台北in89豪華數位影城,數位,10:30,2022-05-24
262,牛首村,台北in89豪華數位影城,數位,12:40,2022-05-24
263,牛首村,台北in89豪華數位影城,數位,17:40,2022-05-24
264,牛首村,台北in89豪華數位影城,數位,22:40,2022-05-24
265,牛首村,台北樂聲影城,數位,09:40,2022-05-24
266,牛首村,台北樂聲影城,數位,11:50,2022-05-24
267,牛首村,台北樂聲影城,數位,14:00,2022-05-24
268,牛首村,台北樂聲影城,數位,16:10,2022-05-24
269,牛首村,台北樂聲影城,數位,18:20,2022-05-24
270,牛首村,台北樂聲影城,數位,20:30,2022-05-24
271,牛首村,台北樂聲影城,數位,22:40,2022-05-24
272,牛首村,台北樂聲影城,數位,00:50,2022-05-24
273,牛首村,台北樂聲影城,數位,03:00,2022-05-24
274,牛首村,喜滿客絕色影城,數位,13:15,2022-05-24
275,牛首村,喜滿客絕色影城,數位,14:30,2022-05-24
276,牛首村,喜滿客絕色影城,數位,16:45,2022-05-24
277,牛首村,喜滿客絕色影城,數位,19:05,2022-05-24
278,牛首村,喜滿客絕色影城,數位,21:25,2022-05-24
279,牛首村,台北信義威秀影城,數位,10:10,2022-05-24
280,牛首村,台北信義威秀影城,數位,12:25,2022-05-24
281,牛首村,台北信義威秀影城,數位,16:50,2022-05-24
282,牛首村,台北信義威秀影城,數位,19:00,2022-05-24
283,牛首村,台北信義威秀影城,數位,23:55,2022-05-24
284,牛首村,哈拉影城,數位,15:40,2022-05-24
285,牛首村,哈拉影城,數位,21:10,2022-05-24
286,牛首村,京站威秀影城,數位,10:40,2022-05-24
287,牛首村,京站威秀影城,數位,15:05,2022-05-24
288,牛首村,京站威秀影城,數位,19:25,2022-05-24
289,牛首村,京站威秀影城,數位,23:25,2022-05-24
290,牛首村,喜樂時代影城南港店,數位,11:00,2022-05-24
291,牛首村,喜樂時代影城南港店,數位,15:25,2022-05-24
292,牛首村,喜樂時代影城南港店,數位,19:50,2022-05-24
293,牛首村,喜樂時代影城南港店,數位,22:05,2022-05-24
294,牛首村,台北樂聲影城,數位,09:40,2022-05-25
295,牛首村,台北樂聲影城,數位,11:50,2022-05-25
296,牛首村,台北樂聲影城,數位,14:00,2022-05-25
297,牛首村,台北樂聲影城,數位,16:10,2022-05-25
298,牛首村,台北樂聲影城,數位,18:20,2022-05-25
299,牛首村,台北樂聲影城,數位,20:30,2022-05-25
300,牛首村,台北樂聲影城,數位,22:40,2022-05-25
301,牛首村,台北樂聲影城,數位,00:50,2022-05-25
302,牛首村,台北樂聲影城,數位,03:00,2022-05-25
303,牛首村,台北樂聲影城,數位,09:40,2022-05-26
304,牛首村,台北樂聲影城,數位,11:50,2022-05-26
305,牛首村,台北樂聲影城,數位,14:00,2022-05-26
306,牛首村,台北樂聲影城,數位,16:10,2022-05-26
307,牛首村,台北樂聲影城,數位,18:20,2022-05-26
308,牛首村,台北樂聲影城,數位,20:30,2022-05-26
309,牛首村,台北樂聲影城,數位,22:40,2022-05-26
310,牛首村,台北樂聲影城,數位,00:50,2022-05-26
311,牛首村,台北樂聲影城,數位,03:00,2022-05-26
312,公共圖書館員,誠品電影院,數位,11:40,2022-05-23
313,公共圖書館員,誠品電影院,數位,17:20,2022-05-23
314,公共圖書館員,MUVIE CINEMAS台北松仁威秀,數位,21:40,2022-05-23
315,公共圖書館員,MUVIE CINEMAS台北松仁威秀,數位,21:40,2022-05-24
316,孵魔,台北信義威秀影城,數位,13:05,2022-05-23
317,孵魔,台北信義威秀影城,數位,19:00,2022-05-23
318,孵魔,喜樂時代影城南港店,數位,11:00,2022-05-23
319,孵魔,喜樂時代影城南港店,數位,17:05,2022-05-23
320,孵魔,喜樂時代影城南港店,數位,21:25,2022-05-23
321,孵魔,台北信義威秀影城,數位,13:05,2022-05-24
322,孵魔,台北信義威秀影城,數位,19:00,2022-05-24
323,孵魔,喜樂時代影城南港店,數位,11:00,2022-05-24
324,孵魔,喜樂時代影城南港店,數位,17:05,2022-05-24
325,孵魔,喜樂時代影城南港店,數位,21:25,2022-05-24
326,秋天的童話,光點台北電影主題館,數位,12:20,2022-05-23
327,秋天的童話,光點台北電影主題館,數位,16:30,2022-05-23
328,秋天的童話,光點華山電影館,數位,14:00,2022-05-23
329,秋天的童話,光點華山電影館,數位,21:55,2022-05-23
330,秋天的童話,喜樂時代影城南港店,數位,13:00,2022-05-23
331,秋天的童話,喜樂時代影城南港店,數位,15:00,2022-05-23
332,秋天的童話,喜樂時代影城南港店,數位,19:00,2022-05-23
333,秋天的童話,MUVIE CINEMAS台北松仁威秀,數位,11:00,2022-05-23
334,秋天的童話,MUVIE CINEMAS台北松仁威秀,數位,19:40,2022-05-23
335,秋天的童話,喜樂時代影城南港店,數位,13:00,2022-05-24
336,秋天的童話,喜樂時代影城南港店,數位,15:00,2022-05-24
337,秋天的童話,喜樂時代影城南港店,數位,19:00,2022-05-24
338,秋天的童話,MUVIE CINEMAS台北松仁威秀,數位,11:00,2022-05-24
339,秋天的童話,MUVIE CINEMAS台北松仁威秀,數位,19:40,2022-05-24
340,淒厲人僧：卡到陰,喜滿客絕色影城,數位,16:00,2022-05-23
341,淒厲人僧：卡到陰,喜滿客絕色影城,數位,20:30,2022-05-23
342,淒厲人僧：卡到陰,台北信義威秀影城,數位,10:40,2022-05-23
343,淒厲人僧：卡到陰,台北信義威秀影城,數位,14:55,2022-05-23
344,淒厲人僧：卡到陰,台北信義威秀影城,數位,19:10,2022-05-23
345,淒厲人僧：卡到陰,台北信義威秀影城,數位,23:10,2022-05-23
346,淒厲人僧：卡到陰,今日秀泰影城,數位,11:10,2022-05-23
347,淒厲人僧：卡到陰,今日秀泰影城,數位,13:20,2022-05-23
348,淒厲人僧：卡到陰,今日秀泰影城,數位,19:50,2022-05-23
349,淒厲人僧：卡到陰,今日秀泰影城,數位,22:00,2022-05-23
350,淒厲人僧：卡到陰,京站威秀影城,數位,10:20,2022-05-23
351,淒厲人僧：卡到陰,京站威秀影城,數位,14:25,2022-05-23
352,淒厲人僧：卡到陰,京站威秀影城,數位,20:45,2022-05-23
353,淒厲人僧：卡到陰,喜樂時代影城南港店,數位,11:00,2022-05-23
354,淒厲人僧：卡到陰,喜樂時代影城南港店,數位,15:20,2022-05-23
355,淒厲人僧：卡到陰,喜樂時代影城南港店,數位,19:20,2022-05-23
356,淒厲人僧：卡到陰,喜樂時代影城南港店,數位,21:30,2022-05-23
357,淒厲人僧：卡到陰,喜滿客絕色影城,數位,16:00,2022-05-24
358,淒厲人僧：卡到陰,喜滿客絕色影城,數位,20:30,2022-05-24
359,淒厲人僧：卡到陰,台北信義威秀影城,數位,10:40,2022-05-24
360,淒厲人僧：卡到陰,台北信義威秀影城,數位,14:55,2022-05-24
361,淒厲人僧：卡到陰,台北信義威秀影城,數位,19:10,2022-05-24
362,淒厲人僧：卡到陰,台北信義威秀影城,數位,23:10,2022-05-24
363,淒厲人僧：卡到陰,京站威秀影城,數位,10:20,2022-05-24
364,淒厲人僧：卡到陰,京站威秀影城,數位,14:25,2022-05-24
365,淒厲人僧：卡到陰,京站威秀影城,數位,20:45,2022-05-24
366,淒厲人僧：卡到陰,喜樂時代影城南港店,數位,11:00,2022-05-24
367,淒厲人僧：卡到陰,喜樂時代影城南港店,數位,15:20,2022-05-24
368,淒厲人僧：卡到陰,喜樂時代影城南港店,數位,19:20,2022-05-24
369,淒厲人僧：卡到陰,喜樂時代影城南港店,數位,21:30,2022-05-24
370,最後的生存者,台北信義威秀影城,數位,13:45,2022-05-23
371,最後的生存者,台北信義威秀影城,數位,20:45,2022-05-23
372,最後的生存者,喜樂時代影城南港店,數位,13:20,2022-05-23
373,最後的生存者,喜樂時代影城南港店,數位,17:10,2022-05-23
374,最後的生存者,喜樂時代影城南港店,數位,20:20,2022-05-23
375,最後的生存者,台北信義威秀影城,數位,13:45,2022-05-24
376,最後的生存者,台北信義威秀影城,數位,20:45,2022-05-24
377,最後的生存者,喜樂時代影城南港店,數位,13:05,2022-05-24
378,最後的生存者,喜樂時代影城南港店,數位,15:15,2022-05-24
379,最後的生存者,喜樂時代影城南港店,數位,19:05,2022-05-24
380,愛在暹邏：數位經典版,國賓影城(台北長春廣場),數位,15:40,2022-05-23
381,愛在暹邏：數位經典版,國賓影城(台北長春廣場),數位,20:50,2022-05-23
382,愛在暹邏：數位經典版,台北in89豪華數位影城,數位,14:30,2022-05-23
383,愛在暹邏：數位經典版,台北in89豪華數位影城,數位,19:30,2022-05-23
384,愛在暹邏：數位經典版,京站威秀影城,數位,14:20,2022-05-23
385,愛在暹邏：數位經典版,京站威秀影城,數位,19:45,2022-05-23
386,愛在暹邏：數位經典版,喜樂時代影城南港店,數位,11:00,2022-05-23
387,愛在暹邏：數位經典版,喜樂時代影城南港店,數位,15:30,2022-05-23
388,愛在暹邏：數位經典版,喜樂時代影城南港店,數位,19:35,2022-05-23
389,愛在暹邏：數位經典版,MUVIE CINEMAS台北松仁威秀,數位,15:30,2022-05-23
390,愛在暹邏：數位經典版,MUVIE CINEMAS台北松仁威秀,數位,20:20,2022-05-23
391,愛在暹邏：數位經典版,台北in89豪華數位影城,數位,14:50,2022-05-24
392,愛在暹邏：數位經典版,台北in89豪華數位影城,數位,19:50,2022-05-24
393,愛在暹邏：數位經典版,京站威秀影城,數位,14:20,2022-05-24
394,愛在暹邏：數位經典版,京站威秀影城,數位,19:45,2022-05-24
395,愛在暹邏：數位經典版,喜樂時代影城南港店,數位,11:00,2022-05-24
396,愛在暹邏：數位經典版,喜樂時代影城南港店,數位,15:30,2022-05-24
397,愛在暹邏：數位經典版,喜樂時代影城南港店,數位,19:35,2022-05-24
398,愛在暹邏：數位經典版,MUVIE CINEMAS台北松仁威秀,TITAN,11:50,2022-05-24
399,愛在暹邏：數位經典版,MUVIE CINEMAS台北松仁威秀,數位,15:30,2022-05-24
400,愛在暹邏：數位經典版,MUVIE CINEMAS台北松仁威秀,數位,20:20,2022-05-24
401,鬼雙胞,欣欣秀泰影城,數位,13:00,2022-05-23
402,鬼雙胞,欣欣秀泰影城,數位,17:05,2022-05-23
403,鬼雙胞,欣欣秀泰影城,數位,21:10,2022-05-23
404,鬼雙胞,台北in89豪華數位影城,數位,10:10,2022-05-23
405,鬼雙胞,台北in89豪華數位影城,數位,12:20,2022-05-23
406,鬼雙胞,台北in89豪華數位影城,數位,14:30,2022-05-23
407,鬼雙胞,台北in89豪華數位影城,數位,18:30,2022-05-23
408,鬼雙胞,台北in89豪華數位影城,數位,22:30,2022-05-23
409,鬼雙胞,喜滿客絕色影城,數位,13:50,2022-05-23
410,鬼雙胞,喜滿客絕色影城,數位,18:15,2022-05-23
411,鬼雙胞,喜滿客絕色影城,數位,20:25,2022-05-23
412,鬼雙胞,台北信義威秀影城,數位,12:50,2022-05-23
413,鬼雙胞,台北信義威秀影城,數位,17:05,2022-05-23
414,鬼雙胞,台北信義威秀影城,數位,19:00,2022-05-23
415,鬼雙胞,台北信義威秀影城,數位,22:45,2022-05-23
416,鬼雙胞,百老匯數位影城,數位,10:00,2022-05-23
417,鬼雙胞,百老匯數位影城,數位,12:05,2022-05-23
418,鬼雙胞,百老匯數位影城,數位,14:10,2022-05-23
419,鬼雙胞,百老匯數位影城,數位,16:15,2022-05-23
420,鬼雙胞,百老匯數位影城,數位,20:25,2022-05-23
421,鬼雙胞,百老匯數位影城,數位,22:30,2022-05-23
422,鬼雙胞,今日秀泰影城,數位,11:10,2022-05-23
423,鬼雙胞,今日秀泰影城,數位,15:30,2022-05-23
424,鬼雙胞,今日秀泰影城,數位,19:50,2022-05-23
425,鬼雙胞,京站威秀影城,數位,18:25,2022-05-23
426,鬼雙胞,京站威秀影城,數位,21:35,2022-05-23
427,鬼雙胞,喜樂時代影城南港店,數位,11:00,2022-05-23
428,鬼雙胞,喜樂時代影城南港店,數位,17:35,2022-05-23
429,鬼雙胞,喜樂時代影城南港店,數位,21:50,2022-05-23
430,鬼雙胞,台北in89豪華數位影城,數位,10:30,2022-05-24
431,鬼雙胞,台北in89豪華數位影城,數位,12:40,2022-05-24
432,鬼雙胞,台北in89豪華數位影城,數位,14:50,2022-05-24
433,鬼雙胞,台北in89豪華數位影城,數位,19:00,2022-05-24
434,鬼雙胞,台北in89豪華數位影城,數位,23:00,2022-05-24
435,鬼雙胞,喜滿客絕色影城,數位,13:50,2022-05-24
436,鬼雙胞,喜滿客絕色影城,數位,18:15,2022-05-24
437,鬼雙胞,喜滿客絕色影城,數位,20:25,2022-05-24
438,鬼雙胞,台北信義威秀影城,數位,12:50,2022-05-24
439,鬼雙胞,台北信義威秀影城,數位,17:05,2022-05-24
440,鬼雙胞,台北信義威秀影城,數位,19:00,2022-05-24
441,鬼雙胞,台北信義威秀影城,數位,22:45,2022-05-24
442,鬼雙胞,京站威秀影城,數位,18:25,2022-05-24
443,鬼雙胞,京站威秀影城,數位,21:35,2022-05-24
444,鬼雙胞,喜樂時代影城南港店,數位,11:00,2022-05-24
445,鬼雙胞,喜樂時代影城南港店,數位,17:35,2022-05-24
446,鬼雙胞,喜樂時代影城南港店,數位,21:50,2022-05-24
447,阿巴斯。風的滋味,國賓影城(台北長春廣場),數位,14:20,2022-05-23
448,阿巴斯。風的滋味,國賓影城(台北長春廣場),數位,18:20,2022-05-23
449,阿巴斯。風的滋味,光點華山電影館,數位,19:55,2022-05-23
450,阿巴斯。風的滋味,光點華山電影館,數位,21:50,2022-05-23
451,阿巴斯。風的滋味,誠品電影院,數位,15:30,2022-05-23
452,阿巴斯。風的滋味,誠品電影院,數位,21:40,2022-05-23
453,逃出封鎖線,欣欣秀泰影城,數位,13:05,2022-05-23
454,逃出封鎖線,欣欣秀泰影城,數位,15:15,2022-05-23
455,逃出封鎖線,欣欣秀泰影城,數位,20:30,2022-05-23
456,逃出封鎖線,喜滿客絕色影城,數位,13:50,2022-05-23
457,逃出封鎖線,喜滿客絕色影城,數位,19:05,2022-05-23
458,逃出封鎖線,台北信義威秀影城,數位,14:25,2022-05-23
459,逃出封鎖線,台北信義威秀影城,數位,19:05,2022-05-23
460,逃出封鎖線,台北信義威秀影城,數位,23:35,2022-05-23
461,逃出封鎖線,哈拉影城,數位,16:00,2022-05-23
462,逃出封鎖線,哈拉影城,數位,20:30,2022-05-23
463,逃出封鎖線,百老匯數位影城,數位,10:00,2022-05-23
464,逃出封鎖線,百老匯數位影城,數位,14:10,2022-05-23
465,逃出封鎖線,百老匯數位影城,數位,16:15,2022-05-23
466,逃出封鎖線,百老匯數位影城,數位,18:20,2022-05-23
467,逃出封鎖線,百老匯數位影城,數位,20:25,2022-05-23
468,逃出封鎖線,百老匯數位影城,數位,22:30,2022-05-23
469,逃出封鎖線,喜樂時代影城南港店,數位,11:00,2022-05-23
470,逃出封鎖線,喜樂時代影城南港店,數位,15:10,2022-05-23
471,逃出封鎖線,喜樂時代影城南港店,數位,19:25,2022-05-23
472,逃出封鎖線,喜樂時代影城南港店,數位,21:30,2022-05-23
473,逃出封鎖線,喜滿客絕色影城,數位,13:50,2022-05-24
474,逃出封鎖線,喜滿客絕色影城,數位,19:05,2022-05-24
475,逃出封鎖線,台北信義威秀影城,數位,14:25,2022-05-24
476,逃出封鎖線,台北信義威秀影城,數位,19:05,2022-05-24
477,逃出封鎖線,台北信義威秀影城,數位,23:35,2022-05-24
478,逃出封鎖線,哈拉影城,數位,16:00,2022-05-24
479,逃出封鎖線,哈拉影城,數位,20:30,2022-05-24
480,逃出封鎖線,喜樂時代影城南港店,數位,11:00,2022-05-24
481,逃出封鎖線,喜樂時代影城南港店,數位,15:10,2022-05-24
482,逃出封鎖線,喜樂時代影城南港店,數位,19:25,2022-05-24
483,逃出封鎖線,喜樂時代影城南港店,數位,21:30,2022-05-24
484,第一人夫,國賓影城(台北長春廣場),數位,13:30,2022-05-23
485,第一人夫,國賓影城(台北長春廣場),數位,15:45,2022-05-23
486,第一人夫,國賓影城(台北長春廣場),數位,20:10,2022-05-23
487,第一人夫,台北真善美劇院,數位,16:20,2022-05-23
488,第一人夫,台北信義威秀影城,數位,10:25,2022-05-23
489,第一人夫,台北信義威秀影城,數位,14:25,2022-05-23
490,第一人夫,台北信義威秀影城,數位,19:05,2022-05-23
491,第一人夫,台北信義威秀影城,數位,23:05,2022-05-23
492,第一人夫,誠品電影院,數位,16:40,2022-05-23
493,第一人夫,誠品電影院,數位,21:30,2022-05-23
494,第一人夫,喜樂時代影城南港店,數位,11:00,2022-05-23
495,第一人夫,喜樂時代影城南港店,數位,14:20,2022-05-23
496,第一人夫,喜樂時代影城南港店,數位,19:45,2022-05-23
497,第一人夫,台北信義威秀影城,數位,10:25,2022-05-24
498,第一人夫,台北信義威秀影城,數位,14:25,2022-05-24
499,第一人夫,台北信義威秀影城,數位,19:05,2022-05-24
500,第一人夫,台北信義威秀影城,數位,23:05,2022-05-24
501,第一人夫,喜樂時代影城南港店,數位,11:00,2022-05-24
502,第一人夫,喜樂時代影城南港店,數位,14:20,2022-05-24
503,第一人夫,喜樂時代影城南港店,數位,19:45,2022-05-24
504,第一人夫,台北真善美劇院,數位,15:45,2022-05-25
505,第一人夫,台北真善美劇院,數位,16:20,2022-05-26
506,輪到你了 劇場版,國賓影城(台北長春廣場),數位,16:20,2022-05-23
507,輪到你了 劇場版,國賓影城(台北長春廣場),數位,21:00,2022-05-23
508,輪到你了 劇場版,台北真善美劇院,數位,18:30,2022-05-23
509,輪到你了 劇場版,喜滿客絕色影城,數位,16:20,2022-05-23
510,輪到你了 劇場版,台北信義威秀影城,數位,11:00,2022-05-23
511,輪到你了 劇場版,台北信義威秀影城,數位,15:45,2022-05-23
512,輪到你了 劇場版,台北信義威秀影城,數位,21:15,2022-05-23
513,輪到你了 劇場版,喜樂時代影城南港店,數位,14:15,2022-05-23
514,輪到你了 劇場版,喜樂時代影城南港店,數位,18:45,2022-05-23
515,輪到你了 劇場版,台北真善美劇院,數位,16:20,2022-05-24
516,輪到你了 劇場版,喜滿客絕色影城,數位,16:20,2022-05-24
517,輪到你了 劇場版,台北信義威秀影城,數位,11:00,2022-05-24
518,輪到你了 劇場版,台北信義威秀影城,數位,15:45,2022-05-24
519,輪到你了 劇場版,台北信義威秀影城,數位,21:15,2022-05-24
520,輪到你了 劇場版,喜樂時代影城南港店,數位,14:15,2022-05-24
521,輪到你了 劇場版,喜樂時代影城南港店,數位,18:45,2022-05-24
522,輪到你了 劇場版,台北真善美劇院,數位,18:30,2022-05-26
523,漁港的肉子,國賓影城(台北長春廣場),數位,13:10,2022-05-23
524,漁港的肉子,台北美麗華大直影城,數位,12:10,2022-05-23
525,漁港的肉子,台北信義威秀影城,數位,10:15,2022-05-23
526,漁港的肉子,哈拉影城,數位,13:50,2022-05-23
527,漁港的肉子,哈拉影城,數位,17:50,2022-05-23
528,漁港的肉子,光點華山電影館,數位,11:50,2022-05-23
529,漁港的肉子,誠品電影院,數位,15:20,2022-05-23
530,漁港的肉子,喜樂時代影城南港店,數位,13:05,2022-05-23
531,漁港的肉子,喜樂時代影城南港店,數位,17:05,2022-05-23
532,漁港的肉子,台北美麗華大直影城,數位,12:10,2022-05-24
533,漁港的肉子,台北信義威秀影城,數位,10:15,2022-05-24
534,漁港的肉子,哈拉影城,數位,13:50,2022-05-24
535,漁港的肉子,哈拉影城,數位,17:50,2022-05-24
536,漁港的肉子,喜樂時代影城南港店,數位,13:05,2022-05-24
537,漁港的肉子,喜樂時代影城南港店,數位,17:05,2022-05-24
538,我不是英雄,台北美麗華大直影城,數位,12:20,2022-05-23
539,我不是英雄,台北樂聲影城,數位,09:35,2022-05-23
540,我不是英雄,台北樂聲影城,數位,18:00,2022-05-23
541,我不是英雄,台北真善美劇院,數位,14:10,2022-05-23
542,我不是英雄,哈拉影城,數位,13:30,2022-05-23
543,我不是英雄,哈拉影城,數位,18:10,2022-05-23
544,我不是英雄,喜樂時代影城南港店,數位,13:05,2022-05-23
545,我不是英雄,MUVIE CINEMAS台北松仁威秀,數位,11:10,2022-05-23
546,我不是英雄,台北美麗華大直影城,數位,12:20,2022-05-24
547,我不是英雄,台北樂聲影城,數位,09:35,2022-05-24
548,我不是英雄,台北樂聲影城,數位,18:00,2022-05-24
549,我不是英雄,台北真善美劇院,數位,14:10,2022-05-24
550,我不是英雄,哈拉影城,數位,13:30,2022-05-24
551,我不是英雄,哈拉影城,數位,18:10,2022-05-24
552,我不是英雄,喜樂時代影城南港店,數位,13:05,2022-05-24
553,我不是英雄,MUVIE CINEMAS台北松仁威秀,數位,11:10,2022-05-24
554,我不是英雄,台北樂聲影城,數位,09:35,2022-05-25
555,我不是英雄,台北樂聲影城,數位,18:00,2022-05-25
556,我不是英雄,台北樂聲影城,數位,09:35,2022-05-26
557,我不是英雄,台北樂聲影城,數位,18:00,2022-05-26
558,我不是英雄,台北真善美劇院,數位,14:10,2022-05-26
559,鹿王,國賓影城(台北長春廣場),數位,15:15,2022-05-23
560,鹿王,國賓影城(台北長春廣場),數位,19:25,2022-05-23
561,鹿王,台北美麗華大直影城,數位,09:20,2022-05-23
562,鹿王,台北美麗華大直影城,數位,16:20,2022-05-23
563,鹿王,台北美麗華大直影城,數位,20:50,2022-05-23
564,鹿王,喜滿客絕色影城,數位,16:00,2022-05-23
565,鹿王,台北信義威秀影城,數位,10:30,2022-05-23
566,鹿王,台北信義威秀影城,數位,18:05,2022-05-23
567,鹿王,哈拉影城,數位,13:20,2022-05-23
568,鹿王,哈拉影城,數位,16:40,2022-05-23
569,鹿王,百老匯數位影城,數位,12:05,2022-05-23
570,鹿王,百老匯數位影城,數位,18:20,2022-05-23
571,鹿王,京站威秀影城,數位,10:25,2022-05-23
572,鹿王,京站威秀影城,數位,17:30,2022-05-23
573,鹿王,誠品電影院,數位,11:30,2022-05-23
574,鹿王,喜樂時代影城南港店,數位,13:00,2022-05-23
575,鹿王,喜樂時代影城南港店,數位,17:15,2022-05-23
576,鹿王,台北美麗華大直影城,數位,09:20,2022-05-24
577,鹿王,台北美麗華大直影城,數位,16:20,2022-05-24
578,鹿王,台北美麗華大直影城,數位,20:50,2022-05-24
579,鹿王,喜滿客絕色影城,數位,16:00,2022-05-24
580,鹿王,台北信義威秀影城,數位,10:30,2022-05-24
581,鹿王,哈拉影城,數位,13:20,2022-05-24
582,鹿王,哈拉影城,數位,16:40,2022-05-24
583,鹿王,京站威秀影城,數位,10:25,2022-05-24
584,鹿王,京站威秀影城,數位,17:30,2022-05-24
585,鹿王,喜樂時代影城南港店,數位,13:00,2022-05-24
586,鹿王,喜樂時代影城南港店,數位,17:15,2022-05-24
587,空氣殺人,台北美麗華大直影城,數位,14:20,2022-05-23
588,空氣殺人,台北美麗華大直影城,數位,17:00,2022-05-23
589,空氣殺人,台北美麗華大直影城,數位,21:40,2022-05-23
590,空氣殺人,台北in89豪華數位影城,數位,11:50,2022-05-23
591,空氣殺人,台北in89豪華數位影城,數位,16:30,2022-05-23
592,空氣殺人,台北in89豪華數位影城,數位,20:30,2022-05-23
593,空氣殺人,喜滿客絕色影城,數位,18:15,2022-05-23
594,空氣殺人,台北信義威秀影城,數位,14:50,2022-05-23
595,空氣殺人,台北信義威秀影城,數位,21:05,2022-05-23
596,空氣殺人,百老匯數位影城,數位,12:05,2022-05-23
597,空氣殺人,百老匯數位影城,數位,17:25,2022-05-23
598,空氣殺人,京站威秀影城,數位,13:00,2022-05-23
599,空氣殺人,京站威秀影城,數位,17:20,2022-05-23
600,空氣殺人,喜樂時代影城南港店,數位,11:00,2022-05-23
601,空氣殺人,喜樂時代影城南港店,數位,15:00,2022-05-23
602,空氣殺人,喜樂時代影城南港店,數位,19:05,2022-05-23
603,空氣殺人,台北美麗華大直影城,數位,14:20,2022-05-24
604,空氣殺人,台北美麗華大直影城,數位,17:00,2022-05-24
605,空氣殺人,台北美麗華大直影城,數位,21:40,2022-05-24
606,空氣殺人,台北in89豪華數位影城,數位,12:20,2022-05-24
607,空氣殺人,台北in89豪華數位影城,數位,17:00,2022-05-24
608,空氣殺人,台北in89豪華數位影城,數位,21:00,2022-05-24
609,空氣殺人,喜滿客絕色影城,數位,18:15,2022-05-24
610,空氣殺人,台北信義威秀影城,數位,14:50,2022-05-24
611,空氣殺人,台北信義威秀影城,數位,21:05,2022-05-24
612,空氣殺人,京站威秀影城,數位,13:00,2022-05-24
613,空氣殺人,京站威秀影城,數位,17:20,2022-05-24
614,空氣殺人,喜樂時代影城南港店,數位,11:00,2022-05-24
615,空氣殺人,喜樂時代影城南港店,數位,15:00,2022-05-24
616,空氣殺人,喜樂時代影城南港店,數位,19:05,2022-05-24
617,猛鬼大學：第2學期,國賓影城(台北長春廣場),數位,21:30,2022-05-23
618,猛鬼大學：第2學期,欣欣秀泰影城,數位,17:55,2022-05-23
619,猛鬼大學：第2學期,台北美麗華大直影城,數位,11:50,2022-05-23
620,猛鬼大學：第2學期,台北美麗華大直影城,數位,16:30,2022-05-23
621,猛鬼大學：第2學期,台北新光影城,數位,12:20,2022-05-23
622,猛鬼大學：第2學期,台北新光影城,數位,19:20,2022-05-23
623,猛鬼大學：第2學期,台北in89豪華數位影城,數位,10:00,2022-05-23
624,猛鬼大學：第2學期,台北in89豪華數位影城,數位,15:00,2022-05-23
625,猛鬼大學：第2學期,台北in89豪華數位影城,數位,20:00,2022-05-23
626,猛鬼大學：第2學期,喜滿客絕色影城,數位,18:40,2022-05-23
627,猛鬼大學：第2學期,台北信義威秀影城,數位,16:40,2022-05-23
628,猛鬼大學：第2學期,百老匯數位影城,數位,09:50,2022-05-23
629,猛鬼大學：第2學期,百老匯數位影城,數位,14:45,2022-05-23
630,猛鬼大學：第2學期,百老匯數位影城,數位,19:40,2022-05-23
631,猛鬼大學：第2學期,百老匯數位影城,數位,22:45,2022-05-23
632,猛鬼大學：第2學期,京站威秀影城,數位,18:20,2022-05-23
633,猛鬼大學：第2學期,京站威秀影城,數位,22:55,2022-05-23
634,猛鬼大學：第2學期,喜樂時代影城南港店,數位,14:40,2022-05-23
635,猛鬼大學：第2學期,喜樂時代影城南港店,數位,22:15,2022-05-23
636,猛鬼大學：第2學期,台北美麗華大直影城,數位,11:50,2022-05-24
637,猛鬼大學：第2學期,台北美麗華大直影城,數位,16:30,2022-05-24
638,猛鬼大學：第2學期,台北新光影城,數位,12:20,2022-05-24
639,猛鬼大學：第2學期,台北新光影城,數位,19:20,2022-05-24
640,猛鬼大學：第2學期,台北in89豪華數位影城,數位,14:30,2022-05-24
641,猛鬼大學：第2學期,台北in89豪華數位影城,數位,19:30,2022-05-24
642,猛鬼大學：第2學期,喜滿客絕色影城,數位,18:40,2022-05-24
643,猛鬼大學：第2學期,台北信義威秀影城,數位,16:40,2022-05-24
644,猛鬼大學：第2學期,台北信義威秀影城,數位,21:10,2022-05-24
645,猛鬼大學：第2學期,京站威秀影城,數位,18:20,2022-05-24
646,猛鬼大學：第2學期,京站威秀影城,數位,22:55,2022-05-24
647,猛鬼大學：第2學期,喜樂時代影城南港店,數位,14:40,2022-05-24
648,猛鬼大學：第2學期,喜樂時代影城南港店,數位,22:15,2022-05-24
649,詭棋,國賓影城(台北長春廣場),數位,16:40,2022-05-23
650,詭棋,欣欣秀泰影城,數位,10:30,2022-05-23
651,詭棋,欣欣秀泰影城,數位,12:30,2022-05-23
652,詭棋,欣欣秀泰影城,數位,16:50,2022-05-23
653,詭棋,喜滿客絕色影城,數位,21:15,2022-05-23
654,詭棋,台北信義威秀影城,數位,17:00,2022-05-23
655,詭棋,百老匯數位影城,數位,15:40,2022-05-23
656,詭棋,百老匯數位影城,數位,21:00,2022-05-23
657,詭棋,東南亞秀泰影城,數位,13:00,2022-05-23
658,詭棋,今日秀泰影城,數位,22:40,2022-05-23
659,詭棋,京站威秀影城,數位,12:30,2022-05-23
660,詭棋,喜樂時代影城南港店,數位,13:00,2022-05-23
661,詭棋,喜樂時代影城南港店,數位,18:25,2022-05-23
662,詭棋,喜滿客絕色影城,數位,21:15,2022-05-24
663,詭棋,台北信義威秀影城,數位,17:00,2022-05-24
664,詭棋,京站威秀影城,數位,12:30,2022-05-24
665,詭棋,喜樂時代影城南港店,數位,13:00,2022-05-24
666,詭棋,喜樂時代影城南港店,數位,18:25,2022-05-24
667,奪冠,國賓影城(台北長春廣場),數位,13:10,2022-05-23
668,奪冠,台北信義威秀影城,數位,15:30,2022-05-23
669,奪冠,喜樂時代影城南港店,數位,14:15,2022-05-23
670,奪冠,台北信義威秀影城,數位,17:40,2022-05-24
671,奪冠,喜樂時代影城南港店,數位,14:15,2022-05-24
672,阿哈：帶我走,國賓影城(台北長春廣場),數位,16:50,2022-05-23
673,阿哈：帶我走,國賓影城(台北長春廣場),數位,20:50,2022-05-23
674,阿哈：帶我走,台北信義威秀影城,數位,18:30,2022-05-23
675,阿哈：帶我走,光點華山電影館,數位,15:55,2022-05-23
676,阿哈：帶我走,喜樂時代影城南港店,數位,13:15,2022-05-23
677,阿哈：帶我走,喜樂時代影城南港店,數位,17:40,2022-05-23
678,阿哈：帶我走,台北信義威秀影城,數位,15:30,2022-05-24
679,阿哈：帶我走,台北信義威秀影城,數位,18:30,2022-05-24
680,阿哈：帶我走,喜樂時代影城南港店,數位,13:15,2022-05-24
681,阿哈：帶我走,喜樂時代影城南港店,數位,17:40,2022-05-24
682,柏格曼的島,光點台北電影主題館,數位,14:20,2022-05-23
683,柏格曼的島,光點華山電影館,數位,10:10,2022-05-23
684,柏格曼的島,光點華山電影館,數位,19:45,2022-05-23
685,柏格曼的島,誠品電影院,數位,19:10,2022-05-23
686,柏格曼的島,喜樂時代影城南港店,數位,17:40,2022-05-23
687,柏格曼的島,MUVIE CINEMAS台北松仁威秀,數位,23:15,2022-05-23
688,柏格曼的島,喜樂時代影城南港店,數位,17:40,2022-05-24
689,柏格曼的島,MUVIE CINEMAS台北松仁威秀,數位,23:15,2022-05-24
690,格瑞特真相,台北信義威秀影城,數位,12:50,2022-05-23
691,格瑞特真相,喜樂時代影城南港店,數位,16:40,2022-05-23
692,格瑞特真相,台北信義威秀影城,數位,12:50,2022-05-24
693,格瑞特真相,喜樂時代影城南港店,數位,16:40,2022-05-24
694,親愛的童伴,國賓影城(台北長春廣場),數位,13:30,2022-05-23
695,親愛的童伴,國賓影城(台北長春廣場),數位,16:55,2022-05-23
696,親愛的童伴,台北真善美劇院,數位,17:40,2022-05-23
697,親愛的童伴,光點華山電影館,數位,10:20,2022-05-23
698,親愛的童伴,光點華山電影館,數位,12:25,2022-05-23
699,親愛的童伴,光點華山電影館,數位,18:15,2022-05-23
700,親愛的童伴,誠品電影院,數位,13:45,2022-05-23
701,親愛的童伴,誠品電影院,數位,17:30,2022-05-23
702,親愛的童伴,喜樂時代影城南港店,數位,18:15,2022-05-23
703,親愛的童伴,MUVIE CINEMAS台北松仁威秀,數位,13:00,2022-05-23
704,親愛的童伴,台北真善美劇院,數位,17:40,2022-05-24
705,親愛的童伴,喜樂時代影城南港店,數位,18:15,2022-05-24
706,親愛的童伴,MUVIE CINEMAS台北松仁威秀,數位,13:00,2022-05-24
707,親愛的童伴,台北真善美劇院,數位,17:40,2022-05-25
708,親愛的童伴,台北真善美劇院,數位,17:40,2022-05-26
709,一家之主,國賓影城(台北長春廣場),數位,18:30,2022-05-23
710,一家之主,欣欣秀泰影城,數位,10:40,2022-05-23
711,一家之主,台北信義威秀影城,數位,12:10,2022-05-23
712,一家之主,台北信義威秀影城,數位,14:30,2022-05-23
713,一家之主,台北信義威秀影城,數位,16:50,2022-05-23
714,一家之主,台北信義威秀影城,數位,21:55,2022-05-23
715,一家之主,百老匯數位影城,數位,09:50,2022-05-23
716,一家之主,今日秀泰影城,數位,10:30,2022-05-23
717,一家之主,喜樂時代影城南港店,數位,16:50,2022-05-23
718,一家之主,MUVIE CINEMAS台北松仁威秀,數位,17:15,2022-05-23
719,一家之主,台北信義威秀影城,數位,12:10,2022-05-24
720,一家之主,台北信義威秀影城,數位,14:30,2022-05-24
721,一家之主,台北信義威秀影城,數位,16:50,2022-05-24
722,一家之主,台北信義威秀影城,數位,21:55,2022-05-24
723,一家之主,喜樂時代影城南港店,數位,16:50,2022-05-24
724,一家之主,MUVIE CINEMAS台北松仁威秀,數位,17:15,2022-05-24
725,你好，李煥英,欣欣秀泰影城,數位,12:55,2022-05-23
726,你好，李煥英,台北樂聲影城,數位,12:00,2022-05-23
727,你好，李煥英,喜樂時代影城南港店,數位,14:15,2022-05-23
728,你好，李煥英,台北樂聲影城,數位,12:00,2022-05-24
729,你好，李煥英,喜樂時代影城南港店,數位,14:15,2022-05-24
730,你好，李煥英,台北樂聲影城,數位,12:00,2022-05-25
731,你好，李煥英,台北樂聲影城,數位,12:00,2022-05-26
732,一家之主,國賓影城(台北長春廣場),數位,18:30,2022-05-23
733,一家之主,欣欣秀泰影城,數位,10:40,2022-05-23
734,一家之主,台北信義威秀影城,數位,12:10,2022-05-23
735,一家之主,台北信義威秀影城,數位,14:30,2022-05-23
736,一家之主,台北信義威秀影城,數位,16:50,2022-05-23
737,一家之主,台北信義威秀影城,數位,21:55,2022-05-23
738,一家之主,百老匯數位影城,數位,09:50,2022-05-23
739,一家之主,今日秀泰影城,數位,10:30,2022-05-23
740,一家之主,喜樂時代影城南港店,數位,16:50,2022-05-23
741,一家之主,MUVIE CINEMAS台北松仁威秀,數位,17:15,2022-05-23
742,一家之主,台北信義威秀影城,數位,12:10,2022-05-24
743,一家之主,台北信義威秀影城,數位,14:30,2022-05-24
744,一家之主,台北信義威秀影城,數位,16:50,2022-05-24
745,一家之主,台北信義威秀影城,數位,21:55,2022-05-24
746,一家之主,喜樂時代影城南港店,數位,16:50,2022-05-24
747,一家之主,MUVIE CINEMAS台北松仁威秀,數位,17:15,2022-05-24
748,你好，李煥英,欣欣秀泰影城,數位,12:55,2022-05-23
749,你好，李煥英,台北樂聲影城,數位,12:00,2022-05-23
750,你好，李煥英,喜樂時代影城南港店,數位,14:15,2022-05-23
751,你好，李煥英,台北樂聲影城,數位,12:00,2022-05-24
752,你好，李煥英,喜樂時代影城南港店,數位,14:15,2022-05-24
753,你好，李煥英,台北樂聲影城,數位,12:00,2022-05-25
754,你好，李煥英,台北樂聲影城,數位,12:00,2022-05-26
755,邊緣行者,台北樂聲影城,數位,16:25,2022-05-23
756,邊緣行者,台北樂聲影城,數位,16:25,2022-05-24
757,邊緣行者,台北樂聲影城,數位,16:25,2022-05-25
758,邊緣行者,台北樂聲影城,數位,16:25,2022-05-26
759,奇異博士2：失控多重宇宙,國賓影城(台北長春廣場),數位,13:30,2022-05-23
760,奇異博士2：失控多重宇宙,國賓影城(台北長春廣場),數位,14:20,2022-05-23
761,奇異博士2：失控多重宇宙,國賓影城(台北長春廣場),數位,15:20,2022-05-23
762,奇異博士2：失控多重宇宙,國賓影城(台北長春廣場),數位,16:00,2022-05-23
763,奇異博士2：失控多重宇宙,國賓影城(台北長春廣場),數位,16:50,2022-05-23
764,奇異博士2：失控多重宇宙,國賓影城(台北長春廣場),數位,17:50,2022-05-23
765,奇異博士2：失控多重宇宙,國賓影城(台北長春廣場),數位,18:30,2022-05-23
766,奇異博士2：失控多重宇宙,國賓影城(台北長春廣場),數位,19:10,2022-05-23
767,奇異博士2：失控多重宇宙,國賓影城(台北長春廣場),數位,19:50,2022-05-23
768,奇異博士2：失控多重宇宙,國賓影城(台北長春廣場),數位,20:20,2022-05-23
769,奇異博士2：失控多重宇宙,國賓影城(台北長春廣場),數位,21:00,2022-05-23
770,奇異博士2：失控多重宇宙,國賓影城(台北長春廣場),數位,21:40,2022-05-23
771,奇異博士2：失控多重宇宙,欣欣秀泰影城,數位,10:30,2022-05-23
772,奇異博士2：失控多重宇宙,欣欣秀泰影城,數位,11:30,2022-05-23
773,奇異博士2：失控多重宇宙,欣欣秀泰影城,數位,12:30,2022-05-23
774,奇異博士2：失控多重宇宙,欣欣秀泰影城,數位,13:05,2022-05-23
775,奇異博士2：失控多重宇宙,欣欣秀泰影城,數位,13:40,2022-05-23
776,奇異博士2：失控多重宇宙,欣欣秀泰影城,數位,14:05,2022-05-23
777,奇異博士2：失控多重宇宙,欣欣秀泰影城,數位,15:05,2022-05-23
778,奇異博士2：失控多重宇宙,欣欣秀泰影城,數位,15:40,2022-05-23
779,奇異博士2：失控多重宇宙,欣欣秀泰影城,數位,16:15,2022-05-23
780,奇異博士2：失控多重宇宙,欣欣秀泰影城,數位,16:40,2022-05-23
781,奇異博士2：失控多重宇宙,欣欣秀泰影城,數位,17:40,2022-05-23
782,奇異博士2：失控多重宇宙,欣欣秀泰影城,數位,18:15,2022-05-23
783,奇異博士2：失控多重宇宙,欣欣秀泰影城,數位,18:50,2022-05-23
784,奇異博士2：失控多重宇宙,欣欣秀泰影城,數位,19:15,2022-05-23
785,奇異博士2：失控多重宇宙,欣欣秀泰影城,數位,20:15,2022-05-23
786,奇異博士2：失控多重宇宙,欣欣秀泰影城,數位,20:50,2022-05-23
787,奇異博士2：失控多重宇宙,欣欣秀泰影城,數位,21:25,2022-05-23
788,奇異博士2：失控多重宇宙,欣欣秀泰影城,數位,21:50,2022-05-23
789,奇異博士2：失控多重宇宙,欣欣秀泰影城,數位,22:50,2022-05-23
790,奇異博士2：失控多重宇宙,欣欣秀泰影城,數位,23:25,2022-05-23
791,奇異博士2：失控多重宇宙,欣欣秀泰影城,數位,00:00,2022-05-23
792,奇異博士2：失控多重宇宙,欣欣秀泰影城,數位,00:25,2022-05-23
793,奇異博士2：失控多重宇宙,台北美麗華大直影城,數位,09:00,2022-05-23
794,奇異博士2：失控多重宇宙,台北美麗華大直影城,數位,09:30,2022-05-23
795,奇異博士2：失控多重宇宙,台北美麗華大直影城,數位,10:30,2022-05-23
796,奇異博士2：失控多重宇宙,台北美麗華大直影城,數位,11:00,2022-05-23
797,奇異博士2：失控多重宇宙,台北美麗華大直影城,數位,11:30,2022-05-23
798,奇異博士2：失控多重宇宙,台北美麗華大直影城,數位,12:00,2022-05-23
799,奇異博士2：失控多重宇宙,台北美麗華大直影城,數位,13:00,2022-05-23
800,奇異博士2：失控多重宇宙,台北美麗華大直影城,數位,13:30,2022-05-23
801,奇異博士2：失控多重宇宙,台北美麗華大直影城,數位,14:00,2022-05-23
802,奇異博士2：失控多重宇宙,台北美麗華大直影城,數位,14:30,2022-05-23
803,奇異博士2：失控多重宇宙,台北美麗華大直影城,數位,15:30,2022-05-23
804,奇異博士2：失控多重宇宙,台北美麗華大直影城,數位,16:00,2022-05-23
805,奇異博士2：失控多重宇宙,台北美麗華大直影城,數位,16:30,2022-05-23
806,奇異博士2：失控多重宇宙,台北美麗華大直影城,數位,17:00,2022-05-23
807,奇異博士2：失控多重宇宙,台北美麗華大直影城,數位,18:00,2022-05-23
808,奇異博士2：失控多重宇宙,台北美麗華大直影城,數位,18:30,2022-05-23
809,奇異博士2：失控多重宇宙,台北美麗華大直影城,數位,19:00,2022-05-23
810,奇異博士2：失控多重宇宙,台北美麗華大直影城,數位,19:30,2022-05-23
811,奇異博士2：失控多重宇宙,台北美麗華大直影城,數位,20:30,2022-05-23
812,奇異博士2：失控多重宇宙,台北美麗華大直影城,數位,21:00,2022-05-23
813,奇異博士2：失控多重宇宙,台北美麗華大直影城,數位,21:30,2022-05-23
814,奇異博士2：失控多重宇宙,台北美麗華大直影城,數位,22:00,2022-05-23
815,奇異博士2：失控多重宇宙,台北美麗華大直影城,數位,23:00,2022-05-23
816,奇異博士2：失控多重宇宙,台北美麗華大直影城,數位,23:30,2022-05-23
817,奇異博士2：失控多重宇宙,台北美麗華大直影城,數位,00:00,2022-05-23
818,奇異博士2：失控多重宇宙,台北美麗華大直影城,IMAX,10:00,2022-05-23
819,奇異博士2：失控多重宇宙,台北美麗華大直影城,IMAX,15:00,2022-05-23
820,奇異博士2：失控多重宇宙,台北美麗華大直影城,IMAX,17:30,2022-05-23
821,奇異博士2：失控多重宇宙,台北美麗華大直影城,IMAX+3D,22:30,2022-05-23
822,奇異博士2：失控多重宇宙,台北新光影城,數位,12:55,2022-05-23
823,奇異博士2：失控多重宇宙,台北新光影城,數位,14:10,2022-05-23
824,奇異博士2：失控多重宇宙,台北新光影城,數位,15:20,2022-05-23
825,奇異博士2：失控多重宇宙,台北新光影城,數位,17:45,2022-05-23
826,奇異博士2：失控多重宇宙,台北新光影城,數位,19:00,2022-05-23
827,奇異博士2：失控多重宇宙,台北in89豪華數位影城,數位,10:00,2022-05-23
828,奇異博士2：失控多重宇宙,台北in89豪華數位影城,數位,12:30,2022-05-23
829,奇異博士2：失控多重宇宙,台北in89豪華數位影城,數位,14:00,2022-05-23
830,奇異博士2：失控多重宇宙,台北in89豪華數位影城,數位,15:00,2022-05-23
831,奇異博士2：失控多重宇宙,台北in89豪華數位影城,數位,16:30,2022-05-23
832,奇異博士2：失控多重宇宙,台北in89豪華數位影城,數位,17:30,2022-05-23
833,奇異博士2：失控多重宇宙,台北in89豪華數位影城,數位,19:00,2022-05-23
834,奇異博士2：失控多重宇宙,台北in89豪華數位影城,數位,20:00,2022-05-23
835,奇異博士2：失控多重宇宙,台北in89豪華數位影城,數位,22:30,2022-05-23
836,奇異博士2：失控多重宇宙,國賓大戲院(西門),數位,10:40,2022-05-23
837,奇異博士2：失控多重宇宙,國賓大戲院(西門),數位,14:00,2022-05-23
838,奇異博士2：失控多重宇宙,國賓大戲院(西門),數位,16:30,2022-05-23
839,奇異博士2：失控多重宇宙,國賓大戲院(西門),數位,19:00,2022-05-23
840,奇異博士2：失控多重宇宙,國賓大戲院(西門),數位,21:30,2022-05-23
841,奇異博士2：失控多重宇宙,台北樂聲影城,數位,09:30,2022-05-23
842,奇異博士2：失控多重宇宙,台北樂聲影城,數位,12:00,2022-05-23
843,奇異博士2：失控多重宇宙,台北樂聲影城,數位,14:30,2022-05-23
844,奇異博士2：失控多重宇宙,台北樂聲影城,數位,17:00,2022-05-23
845,奇異博士2：失控多重宇宙,台北樂聲影城,數位,19:30,2022-05-23
846,奇異博士2：失控多重宇宙,台北樂聲影城,數位,22:00,2022-05-23
847,奇異博士2：失控多重宇宙,台北樂聲影城,數位,00:30,2022-05-23
848,奇異博士2：失控多重宇宙,台北樂聲影城,數位,02:40,2022-05-23
849,奇異博士2：失控多重宇宙,喜滿客絕色影城,數位,13:10,2022-05-23
850,奇異博士2：失控多重宇宙,喜滿客絕色影城,數位,14:10,2022-05-23
851,奇異博士2：失控多重宇宙,喜滿客絕色影城,數位,15:35,2022-05-23
852,奇異博士2：失控多重宇宙,喜滿客絕色影城,數位,16:35,2022-05-23
853,奇異博士2：失控多重宇宙,喜滿客絕色影城,數位,18:00,2022-05-23
854,奇異博士2：失控多重宇宙,喜滿客絕色影城,數位,19:00,2022-05-23
855,奇異博士2：失控多重宇宙,喜滿客絕色影城,數位,20:25,2022-05-23
856,奇異博士2：失控多重宇宙,喜滿客絕色影城,數位,21:30,2022-05-23
857,奇異博士2：失控多重宇宙,台北信義威秀影城,數位,09:45,2022-05-23
858,奇異博士2：失控多重宇宙,台北信義威秀影城,數位,10:15,2022-05-23
859,奇異博士2：失控多重宇宙,台北信義威秀影城,數位,11:15,2022-05-23
860,奇異博士2：失控多重宇宙,台北信義威秀影城,數位,11:45,2022-05-23
861,奇異博士2：失控多重宇宙,台北信義威秀影城,數位,12:15,2022-05-23
862,奇異博士2：失控多重宇宙,台北信義威秀影城,數位,12:45,2022-05-23
863,奇異博士2：失控多重宇宙,台北信義威秀影城,數位,13:45,2022-05-23
864,奇異博士2：失控多重宇宙,台北信義威秀影城,數位,14:15,2022-05-23
865,奇異博士2：失控多重宇宙,台北信義威秀影城,數位,14:45,2022-05-23
866,奇異博士2：失控多重宇宙,台北信義威秀影城,數位,16:15,2022-05-23
867,奇異博士2：失控多重宇宙,台北信義威秀影城,數位,16:45,2022-05-23
868,奇異博士2：失控多重宇宙,台北信義威秀影城,數位,17:15,2022-05-23
869,奇異博士2：失控多重宇宙,台北信義威秀影城,數位,18:45,2022-05-23
870,奇異博士2：失控多重宇宙,台北信義威秀影城,數位,19:15,2022-05-23
871,奇異博士2：失控多重宇宙,台北信義威秀影城,數位,19:45,2022-05-23
872,奇異博士2：失控多重宇宙,台北信義威秀影城,數位,20:15,2022-05-23
873,奇異博士2：失控多重宇宙,台北信義威秀影城,數位,21:15,2022-05-23
874,奇異博士2：失控多重宇宙,台北信義威秀影城,數位,21:45,2022-05-23
875,奇異博士2：失控多重宇宙,台北信義威秀影城,數位,22:15,2022-05-23
876,奇異博士2：失控多重宇宙,台北信義威秀影城,數位,22:45,2022-05-23
877,奇異博士2：失控多重宇宙,台北信義威秀影城,數位,23:45,2022-05-23
878,奇異博士2：失控多重宇宙,總督影城,數位,14:20,2022-05-23
879,奇異博士2：失控多重宇宙,總督影城,數位,16:40,2022-05-23
880,奇異博士2：失控多重宇宙,總督影城,數位,19:20,2022-05-23
881,奇異博士2：失控多重宇宙,哈拉影城,數位,10:20,2022-05-23
882,奇異博士2：失控多重宇宙,哈拉影城,數位,11:10,2022-05-23
883,奇異博士2：失控多重宇宙,哈拉影城,數位,12:50,2022-05-23
884,奇異博士2：失控多重宇宙,哈拉影城,數位,13:40,2022-05-23
885,奇異博士2：失控多重宇宙,哈拉影城,數位,14:30,2022-05-23
886,奇異博士2：失控多重宇宙,哈拉影城,數位,15:20,2022-05-23
887,奇異博士2：失控多重宇宙,哈拉影城,數位,16:10,2022-05-23
888,奇異博士2：失控多重宇宙,哈拉影城,數位,17:00,2022-05-23
889,奇異博士2：失控多重宇宙,哈拉影城,數位,17:50,2022-05-23
890,奇異博士2：失控多重宇宙,哈拉影城,數位,18:40,2022-05-23
891,奇異博士2：失控多重宇宙,哈拉影城,數位,19:30,2022-05-23
892,奇異博士2：失控多重宇宙,哈拉影城,數位,19:50,2022-05-23
893,奇異博士2：失控多重宇宙,哈拉影城,數位,20:10,2022-05-23
894,奇異博士2：失控多重宇宙,哈拉影城,數位,21:30,2022-05-23
895,奇異博士2：失控多重宇宙,百老匯數位影城,數位,09:50,2022-05-23
896,奇異博士2：失控多重宇宙,百老匯數位影城,數位,10:20,2022-05-23
897,奇異博士2：失控多重宇宙,百老匯數位影城,數位,10:50,2022-05-23
898,奇異博士2：失控多重宇宙,百老匯數位影城,數位,11:20,2022-05-23
899,奇異博士2：失控多重宇宙,百老匯數位影城,數位,12:10,2022-05-23
900,奇異博士2：失控多重宇宙,百老匯數位影城,數位,12:40,2022-05-23
901,奇異博士2：失控多重宇宙,百老匯數位影城,數位,13:10,2022-05-23
902,奇異博士2：失控多重宇宙,百老匯數位影城,數位,13:40,2022-05-23
903,奇異博士2：失控多重宇宙,百老匯數位影城,數位,14:30,2022-05-23
904,奇異博士2：失控多重宇宙,百老匯數位影城,數位,15:00,2022-05-23
905,奇異博士2：失控多重宇宙,百老匯數位影城,數位,15:30,2022-05-23
906,奇異博士2：失控多重宇宙,百老匯數位影城,數位,16:00,2022-05-23
907,奇異博士2：失控多重宇宙,百老匯數位影城,數位,16:50,2022-05-23
908,奇異博士2：失控多重宇宙,百老匯數位影城,數位,17:20,2022-05-23
909,奇異博士2：失控多重宇宙,百老匯數位影城,數位,17:50,2022-05-23
910,奇異博士2：失控多重宇宙,百老匯數位影城,數位,18:20,2022-05-23
911,奇異博士2：失控多重宇宙,百老匯數位影城,數位,19:10,2022-05-23
912,奇異博士2：失控多重宇宙,百老匯數位影城,數位,19:40,2022-05-23
913,奇異博士2：失控多重宇宙,百老匯數位影城,數位,20:10,2022-05-23
914,奇異博士2：失控多重宇宙,百老匯數位影城,數位,20:40,2022-05-23
915,奇異博士2：失控多重宇宙,百老匯數位影城,數位,21:30,2022-05-23
916,奇異博士2：失控多重宇宙,百老匯數位影城,數位,22:00,2022-05-23
917,奇異博士2：失控多重宇宙,百老匯數位影城,數位,22:30,2022-05-23
918,奇異博士2：失控多重宇宙,百老匯數位影城,數位,23:00,2022-05-23
919,奇異博士2：失控多重宇宙,百老匯數位影城,數位,23:50,2022-05-23
920,奇異博士2：失控多重宇宙,東南亞秀泰影城,數位,10:30,2022-05-23
921,奇異博士2：失控多重宇宙,東南亞秀泰影城,數位,11:30,2022-05-23
922,奇異博士2：失控多重宇宙,東南亞秀泰影城,數位,13:00,2022-05-23
923,奇異博士2：失控多重宇宙,東南亞秀泰影城,數位,14:00,2022-05-23
924,奇異博士2：失控多重宇宙,東南亞秀泰影城,數位,15:30,2022-05-23
925,奇異博士2：失控多重宇宙,東南亞秀泰影城,數位,16:30,2022-05-23
926,奇異博士2：失控多重宇宙,東南亞秀泰影城,數位,18:00,2022-05-23
927,奇異博士2：失控多重宇宙,東南亞秀泰影城,數位,19:00,2022-05-23
928,奇異博士2：失控多重宇宙,東南亞秀泰影城,數位,20:30,2022-05-23
929,奇異博士2：失控多重宇宙,東南亞秀泰影城,數位,21:30,2022-05-23
930,奇異博士2：失控多重宇宙,東南亞秀泰影城,數位,23:00,2022-05-23
931,奇異博士2：失控多重宇宙,今日秀泰影城,數位,10:20,2022-05-23
932,奇異博士2：失控多重宇宙,今日秀泰影城,數位,10:50,2022-05-23
933,奇異博士2：失控多重宇宙,今日秀泰影城,數位,11:20,2022-05-23
934,奇異博士2：失控多重宇宙,今日秀泰影城,數位,11:50,2022-05-23
935,奇異博士2：失控多重宇宙,今日秀泰影城,數位,12:50,2022-05-23
936,奇異博士2：失控多重宇宙,今日秀泰影城,數位,13:20,2022-05-23
937,奇異博士2：失控多重宇宙,今日秀泰影城,數位,13:50,2022-05-23
938,奇異博士2：失控多重宇宙,今日秀泰影城,數位,14:20,2022-05-23
939,奇異博士2：失控多重宇宙,今日秀泰影城,數位,15:20,2022-05-23
940,奇異博士2：失控多重宇宙,今日秀泰影城,數位,15:50,2022-05-23
941,奇異博士2：失控多重宇宙,今日秀泰影城,數位,16:20,2022-05-23
942,奇異博士2：失控多重宇宙,今日秀泰影城,數位,17:50,2022-05-23
943,奇異博士2：失控多重宇宙,今日秀泰影城,數位,18:20,2022-05-23
944,奇異博士2：失控多重宇宙,今日秀泰影城,數位,18:50,2022-05-23
945,奇異博士2：失控多重宇宙,今日秀泰影城,數位,20:20,2022-05-23
946,奇異博士2：失控多重宇宙,今日秀泰影城,數位,20:50,2022-05-23
947,奇異博士2：失控多重宇宙,今日秀泰影城,數位,21:20,2022-05-23
948,奇異博士2：失控多重宇宙,今日秀泰影城,數位,22:50,2022-05-23
949,奇異博士2：失控多重宇宙,京站威秀影城,數位,10:10,2022-05-23
950,奇異博士2：失控多重宇宙,京站威秀影城,數位,10:50,2022-05-23
951,奇異博士2：失控多重宇宙,京站威秀影城,數位,11:30,2022-05-23
952,奇異博士2：失控多重宇宙,京站威秀影城,數位,12:10,2022-05-23
953,奇異博士2：失控多重宇宙,京站威秀影城,數位,12:40,2022-05-23
954,奇異博士2：失控多重宇宙,京站威秀影城,數位,13:20,2022-05-23
955,奇異博士2：失控多重宇宙,京站威秀影城,數位,14:00,2022-05-23
956,奇異博士2：失控多重宇宙,京站威秀影城,數位,14:40,2022-05-23
957,奇異博士2：失控多重宇宙,京站威秀影城,數位,15:10,2022-05-23
958,奇異博士2：失控多重宇宙,京站威秀影城,數位,15:50,2022-05-23
959,奇異博士2：失控多重宇宙,京站威秀影城,數位,16:30,2022-05-23
960,奇異博士2：失控多重宇宙,京站威秀影城,數位,17:10,2022-05-23
961,奇異博士2：失控多重宇宙,京站威秀影城,數位,17:40,2022-05-23
962,奇異博士2：失控多重宇宙,京站威秀影城,數位,19:00,2022-05-23
963,奇異博士2：失控多重宇宙,京站威秀影城,數位,19:40,2022-05-23
964,奇異博士2：失控多重宇宙,京站威秀影城,數位,20:10,2022-05-23
965,奇異博士2：失控多重宇宙,京站威秀影城,數位,20:50,2022-05-23
966,奇異博士2：失控多重宇宙,京站威秀影城,數位,21:30,2022-05-23
967,奇異博士2：失控多重宇宙,京站威秀影城,數位,22:10,2022-05-23
968,奇異博士2：失控多重宇宙,京站威秀影城,數位,22:40,2022-05-23
969,奇異博士2：失控多重宇宙,京站威秀影城,數位,23:20,2022-05-23
970,奇異博士2：失控多重宇宙,梅花數位影院,數位,12:40,2022-05-23
971,奇異博士2：失控多重宇宙,梅花數位影院,數位,14:30,2022-05-23
972,奇異博士2：失控多重宇宙,梅花數位影院,數位,17:00,2022-05-23
973,奇異博士2：失控多重宇宙,梅花數位影院,數位,19:00,2022-05-23
974,奇異博士2：失控多重宇宙,台北新民生戲院,數位,10:30,2022-05-23
975,奇異博士2：失控多重宇宙,台北新民生戲院,數位,13:00,2022-05-23
976,奇異博士2：失控多重宇宙,台北新民生戲院,數位,15:30,2022-05-23
977,奇異博士2：失控多重宇宙,台北新民生戲院,數位,18:00,2022-05-23
978,奇異博士2：失控多重宇宙,台北新民生戲院,數位,20:30,2022-05-23
979,奇異博士2：失控多重宇宙,台北新民生戲院,數位,23:00,2022-05-23
980,奇異博士2：失控多重宇宙,喜樂時代影城南港店,數位,11:00,2022-05-23
981,奇異博士2：失控多重宇宙,喜樂時代影城南港店,數位,11:45,2022-05-23
982,奇異博士2：失控多重宇宙,喜樂時代影城南港店,數位,12:50,2022-05-23
983,奇異博士2：失控多重宇宙,喜樂時代影城南港店,數位,13:30,2022-05-23
984,奇異博士2：失控多重宇宙,喜樂時代影城南港店,數位,14:10,2022-05-23
985,奇異博士2：失控多重宇宙,喜樂時代影城南港店,數位,14:40,2022-05-23
986,奇異博士2：失控多重宇宙,喜樂時代影城南港店,數位,15:15,2022-05-23
987,奇異博士2：失控多重宇宙,喜樂時代影城南港店,數位,15:55,2022-05-23
988,奇異博士2：失控多重宇宙,喜樂時代影城南港店,數位,16:35,2022-05-23
989,奇異博士2：失控多重宇宙,喜樂時代影城南港店,數位,17:40,2022-05-23
990,奇異博士2：失控多重宇宙,喜樂時代影城南港店,數位,18:20,2022-05-23
991,奇異博士2：失控多重宇宙,喜樂時代影城南港店,數位,19:00,2022-05-23
992,奇異博士2：失控多重宇宙,喜樂時代影城南港店,數位,19:35,2022-05-23
993,奇異博士2：失控多重宇宙,喜樂時代影城南港店,數位,20:05,2022-05-23
994,奇異博士2：失控多重宇宙,喜樂時代影城南港店,數位,20:45,2022-05-23
995,奇異博士2：失控多重宇宙,喜樂時代影城南港店,數位,21:15,2022-05-23
996,奇異博士2：失控多重宇宙,喜樂時代影城南港店,數位,21:50,2022-05-23
997,奇異博士2：失控多重宇宙,喜樂時代影城南港店,數位,22:30,2022-05-23
998,奇異博士2：失控多重宇宙,美麗新大直皇家影城,數位,15:30,2022-05-23
999,奇異博士2：失控多重宇宙,美麗新大直皇家影城,數位,16:00,2022-05-23
1000,奇異博士2：失控多重宇宙,美麗新大直皇家影城,數位,17:00,2022-05-23
1001,奇異博士2：失控多重宇宙,美麗新大直皇家影城,數位,18:00,2022-05-23
1002,奇異博士2：失控多重宇宙,美麗新大直皇家影城,數位,18:30,2022-05-23
1003,奇異博士2：失控多重宇宙,美麗新大直皇家影城,數位,19:20,2022-05-23
1004,奇異博士2：失控多重宇宙,美麗新大直皇家影城,數位,19:50,2022-05-23
1005,奇異博士2：失控多重宇宙,美麗新大直皇家影城,數位,20:30,2022-05-23
1006,奇異博士2：失控多重宇宙,美麗新大直皇家影城,數位,21:00,2022-05-23
1007,奇異博士2：失控多重宇宙,MUVIE CINEMAS台北松仁威秀,數位,10:40,2022-05-23
1008,奇異博士2：失控多重宇宙,MUVIE CINEMAS台北松仁威秀,數位,11:30,2022-05-23
1009,奇異博士2：失控多重宇宙,MUVIE CINEMAS台北松仁威秀,數位,13:10,2022-05-23
1010,奇異博士2：失控多重宇宙,MUVIE CINEMAS台北松仁威秀,數位,14:00,2022-05-23
1011,奇異博士2：失控多重宇宙,MUVIE CINEMAS台北松仁威秀,數位,15:40,2022-05-23
1012,奇異博士2：失控多重宇宙,MUVIE CINEMAS台北松仁威秀,數位,16:30,2022-05-23
1013,奇異博士2：失控多重宇宙,MUVIE CINEMAS台北松仁威秀,數位,18:10,2022-05-23
1014,奇異博士2：失控多重宇宙,MUVIE CINEMAS台北松仁威秀,數位,19:00,2022-05-23
1015,奇異博士2：失控多重宇宙,MUVIE CINEMAS台北松仁威秀,數位,20:40,2022-05-23
1016,奇異博士2：失控多重宇宙,MUVIE CINEMAS台北松仁威秀,數位,21:30,2022-05-23
1017,奇異博士2：失控多重宇宙,MUVIE CINEMAS台北松仁威秀,數位,23:20,2022-05-23
1018,奇異博士2：失控多重宇宙,MUVIE CINEMAS台北松仁威秀,TITAN,12:20,2022-05-23
1019,奇異博士2：失控多重宇宙,MUVIE CINEMAS台北松仁威秀,TITAN,14:50,2022-05-23
1020,奇異博士2：失控多重宇宙,MUVIE CINEMAS台北松仁威秀,TITAN,17:20,2022-05-23
1021,奇異博士2：失控多重宇宙,MUVIE CINEMAS台北松仁威秀,TITAN,22:25,2022-05-23
1022,奇異博士2：失控多重宇宙,台北美麗華大直影城,數位,09:00,2022-05-24
1023,奇異博士2：失控多重宇宙,台北美麗華大直影城,數位,09:30,2022-05-24
1024,奇異博士2：失控多重宇宙,台北美麗華大直影城,數位,10:30,2022-05-24
1025,奇異博士2：失控多重宇宙,台北美麗華大直影城,數位,11:00,2022-05-24
1026,奇異博士2：失控多重宇宙,台北美麗華大直影城,數位,11:30,2022-05-24
1027,奇異博士2：失控多重宇宙,台北美麗華大直影城,數位,12:00,2022-05-24
1028,奇異博士2：失控多重宇宙,台北美麗華大直影城,數位,13:00,2022-05-24
1029,奇異博士2：失控多重宇宙,台北美麗華大直影城,數位,13:30,2022-05-24
1030,奇異博士2：失控多重宇宙,台北美麗華大直影城,數位,14:00,2022-05-24
1031,奇異博士2：失控多重宇宙,台北美麗華大直影城,數位,14:30,2022-05-24
1032,奇異博士2：失控多重宇宙,台北美麗華大直影城,數位,15:30,2022-05-24
1033,奇異博士2：失控多重宇宙,台北美麗華大直影城,數位,16:00,2022-05-24
1034,奇異博士2：失控多重宇宙,台北美麗華大直影城,數位,16:30,2022-05-24
1035,奇異博士2：失控多重宇宙,台北美麗華大直影城,數位,17:00,2022-05-24
1036,奇異博士2：失控多重宇宙,台北美麗華大直影城,數位,18:00,2022-05-24
1037,奇異博士2：失控多重宇宙,台北美麗華大直影城,數位,18:30,2022-05-24
1038,奇異博士2：失控多重宇宙,台北美麗華大直影城,數位,19:00,2022-05-24
1039,奇異博士2：失控多重宇宙,台北美麗華大直影城,數位,19:30,2022-05-24
1040,奇異博士2：失控多重宇宙,台北美麗華大直影城,數位,20:30,2022-05-24
1041,奇異博士2：失控多重宇宙,台北美麗華大直影城,數位,21:00,2022-05-24
1042,奇異博士2：失控多重宇宙,台北美麗華大直影城,數位,21:30,2022-05-24
1043,奇異博士2：失控多重宇宙,台北美麗華大直影城,數位,22:00,2022-05-24
1044,奇異博士2：失控多重宇宙,台北美麗華大直影城,數位,23:00,2022-05-24
1045,奇異博士2：失控多重宇宙,台北美麗華大直影城,數位,23:30,2022-05-24
1046,奇異博士2：失控多重宇宙,台北美麗華大直影城,數位,00:00,2022-05-24
1047,奇異博士2：失控多重宇宙,台北美麗華大直影城,IMAX,10:00,2022-05-24
1048,奇異博士2：失控多重宇宙,台北美麗華大直影城,IMAX,12:30,2022-05-24
1049,奇異博士2：失控多重宇宙,台北美麗華大直影城,IMAX,15:00,2022-05-24
1050,奇異博士2：失控多重宇宙,台北美麗華大直影城,IMAX,17:30,2022-05-24
1051,奇異博士2：失控多重宇宙,台北美麗華大直影城,IMAX,20:00,2022-05-24
1052,奇異博士2：失控多重宇宙,台北美麗華大直影城,IMAX+3D,22:30,2022-05-24
1053,奇異博士2：失控多重宇宙,台北新光影城,數位,12:55,2022-05-24
1054,奇異博士2：失控多重宇宙,台北新光影城,數位,14:10,2022-05-24
1055,奇異博士2：失控多重宇宙,台北新光影城,數位,15:20,2022-05-24
1056,奇異博士2：失控多重宇宙,台北新光影城,數位,17:45,2022-05-24
1057,奇異博士2：失控多重宇宙,台北新光影城,數位,19:00,2022-05-24
1058,奇異博士2：失控多重宇宙,台北in89豪華數位影城,數位,10:30,2022-05-24
1059,奇異博士2：失控多重宇宙,台北in89豪華數位影城,數位,13:00,2022-05-24
1060,奇異博士2：失控多重宇宙,台北in89豪華數位影城,數位,14:30,2022-05-24
1061,奇異博士2：失控多重宇宙,台北in89豪華數位影城,數位,15:30,2022-05-24
1062,奇異博士2：失控多重宇宙,台北in89豪華數位影城,數位,17:00,2022-05-24
1063,奇異博士2：失控多重宇宙,台北in89豪華數位影城,數位,18:00,2022-05-24
1064,奇異博士2：失控多重宇宙,台北in89豪華數位影城,數位,19:30,2022-05-24
1065,奇異博士2：失控多重宇宙,台北in89豪華數位影城,數位,20:30,2022-05-24
1066,奇異博士2：失控多重宇宙,台北in89豪華數位影城,數位,23:00,2022-05-24
1067,奇異博士2：失控多重宇宙,台北樂聲影城,數位,09:30,2022-05-24
1068,奇異博士2：失控多重宇宙,台北樂聲影城,數位,12:00,2022-05-24
1069,奇異博士2：失控多重宇宙,台北樂聲影城,數位,14:30,2022-05-24
1070,奇異博士2：失控多重宇宙,台北樂聲影城,數位,17:00,2022-05-24
1071,奇異博士2：失控多重宇宙,台北樂聲影城,數位,19:30,2022-05-24
1072,奇異博士2：失控多重宇宙,台北樂聲影城,數位,22:00,2022-05-24
1073,奇異博士2：失控多重宇宙,台北樂聲影城,數位,00:30,2022-05-24
1074,奇異博士2：失控多重宇宙,台北樂聲影城,數位,02:40,2022-05-24
1075,奇異博士2：失控多重宇宙,喜滿客絕色影城,數位,13:10,2022-05-24
1076,奇異博士2：失控多重宇宙,喜滿客絕色影城,數位,14:10,2022-05-24
1077,奇異博士2：失控多重宇宙,喜滿客絕色影城,數位,15:35,2022-05-24
1078,奇異博士2：失控多重宇宙,喜滿客絕色影城,數位,16:35,2022-05-24
1079,奇異博士2：失控多重宇宙,喜滿客絕色影城,數位,18:00,2022-05-24
1080,奇異博士2：失控多重宇宙,喜滿客絕色影城,數位,19:00,2022-05-24
1081,奇異博士2：失控多重宇宙,喜滿客絕色影城,數位,20:25,2022-05-24
1082,奇異博士2：失控多重宇宙,喜滿客絕色影城,數位,21:30,2022-05-24
1083,奇異博士2：失控多重宇宙,台北信義威秀影城,數位,09:45,2022-05-24
1084,奇異博士2：失控多重宇宙,台北信義威秀影城,數位,10:15,2022-05-24
1085,奇異博士2：失控多重宇宙,台北信義威秀影城,數位,11:15,2022-05-24
1086,奇異博士2：失控多重宇宙,台北信義威秀影城,數位,11:45,2022-05-24
1087,奇異博士2：失控多重宇宙,台北信義威秀影城,數位,12:15,2022-05-24
1088,奇異博士2：失控多重宇宙,台北信義威秀影城,數位,12:45,2022-05-24
1089,奇異博士2：失控多重宇宙,台北信義威秀影城,數位,13:45,2022-05-24
1090,奇異博士2：失控多重宇宙,台北信義威秀影城,數位,14:15,2022-05-24
1091,奇異博士2：失控多重宇宙,台北信義威秀影城,數位,14:45,2022-05-24
1092,奇異博士2：失控多重宇宙,台北信義威秀影城,數位,16:15,2022-05-24
1093,奇異博士2：失控多重宇宙,台北信義威秀影城,數位,16:45,2022-05-24
1094,奇異博士2：失控多重宇宙,台北信義威秀影城,數位,17:15,2022-05-24
1095,奇異博士2：失控多重宇宙,台北信義威秀影城,數位,18:45,2022-05-24
1096,奇異博士2：失控多重宇宙,台北信義威秀影城,數位,19:15,2022-05-24
1097,奇異博士2：失控多重宇宙,台北信義威秀影城,數位,19:45,2022-05-24
1098,奇異博士2：失控多重宇宙,台北信義威秀影城,數位,20:15,2022-05-24
1099,奇異博士2：失控多重宇宙,台北信義威秀影城,數位,21:15,2022-05-24
1100,奇異博士2：失控多重宇宙,台北信義威秀影城,數位,21:45,2022-05-24
1101,奇異博士2：失控多重宇宙,台北信義威秀影城,數位,22:15,2022-05-24
1102,奇異博士2：失控多重宇宙,台北信義威秀影城,數位,22:45,2022-05-24
1103,奇異博士2：失控多重宇宙,台北信義威秀影城,數位,23:45,2022-05-24
1104,奇異博士2：失控多重宇宙,哈拉影城,數位,10:20,2022-05-24
1105,奇異博士2：失控多重宇宙,哈拉影城,數位,11:10,2022-05-24
1106,奇異博士2：失控多重宇宙,哈拉影城,數位,12:50,2022-05-24
1107,奇異博士2：失控多重宇宙,哈拉影城,數位,13:40,2022-05-24
1108,奇異博士2：失控多重宇宙,哈拉影城,數位,14:30,2022-05-24
1109,奇異博士2：失控多重宇宙,哈拉影城,數位,15:20,2022-05-24
1110,奇異博士2：失控多重宇宙,哈拉影城,數位,16:10,2022-05-24
1111,奇異博士2：失控多重宇宙,哈拉影城,數位,17:00,2022-05-24
1112,奇異博士2：失控多重宇宙,哈拉影城,數位,17:50,2022-05-24
1113,奇異博士2：失控多重宇宙,哈拉影城,數位,18:40,2022-05-24
1114,奇異博士2：失控多重宇宙,哈拉影城,數位,19:30,2022-05-24
1115,奇異博士2：失控多重宇宙,哈拉影城,數位,19:50,2022-05-24
1116,奇異博士2：失控多重宇宙,哈拉影城,數位,20:10,2022-05-24
1117,奇異博士2：失控多重宇宙,哈拉影城,數位,21:30,2022-05-24
1118,奇異博士2：失控多重宇宙,京站威秀影城,數位,10:10,2022-05-24
1119,奇異博士2：失控多重宇宙,京站威秀影城,數位,10:50,2022-05-24
1120,奇異博士2：失控多重宇宙,京站威秀影城,數位,11:30,2022-05-24
1121,奇異博士2：失控多重宇宙,京站威秀影城,數位,12:10,2022-05-24
1122,奇異博士2：失控多重宇宙,京站威秀影城,數位,12:40,2022-05-24
1123,奇異博士2：失控多重宇宙,京站威秀影城,數位,13:20,2022-05-24
1124,奇異博士2：失控多重宇宙,京站威秀影城,數位,14:00,2022-05-24
1125,奇異博士2：失控多重宇宙,京站威秀影城,數位,14:40,2022-05-24
1126,奇異博士2：失控多重宇宙,京站威秀影城,數位,15:10,2022-05-24
1127,奇異博士2：失控多重宇宙,京站威秀影城,數位,15:50,2022-05-24
1128,奇異博士2：失控多重宇宙,京站威秀影城,數位,16:30,2022-05-24
1129,奇異博士2：失控多重宇宙,京站威秀影城,數位,17:10,2022-05-24
1130,奇異博士2：失控多重宇宙,京站威秀影城,數位,17:40,2022-05-24
1131,奇異博士2：失控多重宇宙,京站威秀影城,數位,19:00,2022-05-24
1132,奇異博士2：失控多重宇宙,京站威秀影城,數位,19:40,2022-05-24
1133,奇異博士2：失控多重宇宙,京站威秀影城,數位,20:10,2022-05-24
1134,奇異博士2：失控多重宇宙,京站威秀影城,數位,20:50,2022-05-24
1135,奇異博士2：失控多重宇宙,京站威秀影城,數位,21:30,2022-05-24
1136,奇異博士2：失控多重宇宙,京站威秀影城,數位,22:10,2022-05-24
1137,奇異博士2：失控多重宇宙,京站威秀影城,數位,22:40,2022-05-24
1138,奇異博士2：失控多重宇宙,京站威秀影城,數位,23:20,2022-05-24
1139,奇異博士2：失控多重宇宙,梅花數位影院,數位,12:40,2022-05-24
1140,奇異博士2：失控多重宇宙,梅花數位影院,數位,14:30,2022-05-24
1141,奇異博士2：失控多重宇宙,梅花數位影院,數位,17:00,2022-05-24
1142,奇異博士2：失控多重宇宙,梅花數位影院,數位,19:00,2022-05-24
1143,奇異博士2：失控多重宇宙,台北新民生戲院,數位,10:30,2022-05-24
1144,奇異博士2：失控多重宇宙,台北新民生戲院,數位,13:00,2022-05-24
1145,奇異博士2：失控多重宇宙,台北新民生戲院,數位,15:30,2022-05-24
1146,奇異博士2：失控多重宇宙,台北新民生戲院,數位,18:00,2022-05-24
1147,奇異博士2：失控多重宇宙,台北新民生戲院,數位,20:30,2022-05-24
1148,奇異博士2：失控多重宇宙,台北新民生戲院,數位,23:00,2022-05-24
1149,奇異博士2：失控多重宇宙,喜樂時代影城南港店,數位,11:00,2022-05-24
1150,奇異博士2：失控多重宇宙,喜樂時代影城南港店,數位,11:45,2022-05-24
1151,奇異博士2：失控多重宇宙,喜樂時代影城南港店,數位,12:50,2022-05-24
1152,奇異博士2：失控多重宇宙,喜樂時代影城南港店,數位,13:30,2022-05-24
1153,奇異博士2：失控多重宇宙,喜樂時代影城南港店,數位,14:10,2022-05-24
1154,奇異博士2：失控多重宇宙,喜樂時代影城南港店,數位,14:40,2022-05-24
1155,奇異博士2：失控多重宇宙,喜樂時代影城南港店,數位,15:15,2022-05-24
1156,奇異博士2：失控多重宇宙,喜樂時代影城南港店,數位,15:55,2022-05-24
1157,奇異博士2：失控多重宇宙,喜樂時代影城南港店,數位,16:35,2022-05-24
1158,奇異博士2：失控多重宇宙,喜樂時代影城南港店,數位,17:40,2022-05-24
1159,奇異博士2：失控多重宇宙,喜樂時代影城南港店,數位,18:20,2022-05-24
1160,奇異博士2：失控多重宇宙,喜樂時代影城南港店,數位,19:00,2022-05-24
1161,奇異博士2：失控多重宇宙,喜樂時代影城南港店,數位,19:35,2022-05-24
1162,奇異博士2：失控多重宇宙,喜樂時代影城南港店,數位,20:05,2022-05-24
1163,奇異博士2：失控多重宇宙,喜樂時代影城南港店,數位,20:45,2022-05-24
1164,奇異博士2：失控多重宇宙,喜樂時代影城南港店,數位,21:15,2022-05-24
1165,奇異博士2：失控多重宇宙,喜樂時代影城南港店,數位,21:50,2022-05-24
1166,奇異博士2：失控多重宇宙,喜樂時代影城南港店,數位,22:30,2022-05-24
1167,奇異博士2：失控多重宇宙,MUVIE CINEMAS台北松仁威秀,數位,10:40,2022-05-24
1168,奇異博士2：失控多重宇宙,MUVIE CINEMAS台北松仁威秀,數位,11:30,2022-05-24
1169,奇異博士2：失控多重宇宙,MUVIE CINEMAS台北松仁威秀,數位,13:10,2022-05-24
1170,奇異博士2：失控多重宇宙,MUVIE CINEMAS台北松仁威秀,數位,14:00,2022-05-24
1171,奇異博士2：失控多重宇宙,MUVIE CINEMAS台北松仁威秀,數位,15:40,2022-05-24
1172,奇異博士2：失控多重宇宙,MUVIE CINEMAS台北松仁威秀,數位,16:30,2022-05-24
1173,奇異博士2：失控多重宇宙,MUVIE CINEMAS台北松仁威秀,數位,18:10,2022-05-24
1174,奇異博士2：失控多重宇宙,MUVIE CINEMAS台北松仁威秀,數位,19:00,2022-05-24
1175,奇異博士2：失控多重宇宙,MUVIE CINEMAS台北松仁威秀,數位,20:40,2022-05-24
1176,奇異博士2：失控多重宇宙,MUVIE CINEMAS台北松仁威秀,數位,21:30,2022-05-24
1177,奇異博士2：失控多重宇宙,MUVIE CINEMAS台北松仁威秀,數位,23:20,2022-05-24
1178,奇異博士2：失控多重宇宙,MUVIE CINEMAS台北松仁威秀,TITAN,14:50,2022-05-24
1179,奇異博士2：失控多重宇宙,MUVIE CINEMAS台北松仁威秀,TITAN,17:20,2022-05-24
1180,奇異博士2：失控多重宇宙,MUVIE CINEMAS台北松仁威秀,TITAN,19:50,2022-05-24
1181,奇異博士2：失控多重宇宙,MUVIE CINEMAS台北松仁威秀,TITAN,22:25,2022-05-24
1182,奇異博士2：失控多重宇宙,台北樂聲影城,數位,09:30,2022-05-25
1183,奇異博士2：失控多重宇宙,台北樂聲影城,數位,12:00,2022-05-25
1184,奇異博士2：失控多重宇宙,台北樂聲影城,數位,14:30,2022-05-25
1185,奇異博士2：失控多重宇宙,台北樂聲影城,數位,17:00,2022-05-25
1186,奇異博士2：失控多重宇宙,台北樂聲影城,數位,19:30,2022-05-25
1187,奇異博士2：失控多重宇宙,台北樂聲影城,數位,22:00,2022-05-25
1188,奇異博士2：失控多重宇宙,台北樂聲影城,數位,00:30,2022-05-25
1189,奇異博士2：失控多重宇宙,台北樂聲影城,數位,02:40,2022-05-25
1190,奇異博士2：失控多重宇宙,台北樂聲影城,數位,09:30,2022-05-26
1191,奇異博士2：失控多重宇宙,台北樂聲影城,數位,12:00,2022-05-26
1192,奇異博士2：失控多重宇宙,台北樂聲影城,數位,14:30,2022-05-26
1193,奇異博士2：失控多重宇宙,台北樂聲影城,數位,17:00,2022-05-26
1194,奇異博士2：失控多重宇宙,台北樂聲影城,數位,19:30,2022-05-26
1195,奇異博士2：失控多重宇宙,台北樂聲影城,數位,22:00,2022-05-26
1196,奇異博士2：失控多重宇宙,台北樂聲影城,數位,00:30,2022-05-26
1197,奇異博士2：失控多重宇宙,台北樂聲影城,數位,02:40,2022-05-26
1198,告白,喜樂時代影城南港店,數位,12:40,2022-05-24
1199,售命,欣欣秀泰影城,數位,11:50,2022-05-23
1200,售命,台北美麗華大直影城,數位,09:40,2022-05-23
1201,售命,今日秀泰影城,數位,12:50,2022-05-23
1202,售命,喜樂時代影城南港店,數位,19:35,2022-05-23
1203,售命,台北美麗華大直影城,數位,09:40,2022-05-24
1204,售命,喜樂時代影城南港店,數位,19:45,2022-05-24
1205,鳶,喜樂時代影城南港店,數位,16:40,2022-05-23
1206,鳶,喜樂時代影城南港店,數位,16:40,2022-05-24
1207,記憶殺神,國賓影城(台北長春廣場),數位,13:10,2022-05-23
1208,記憶殺神,國賓影城(台北長春廣場),數位,17:20,2022-05-23
1209,記憶殺神,欣欣秀泰影城,數位,21:50,2022-05-23
1210,記憶殺神,台北美麗華大直影城,數位,23:40,2022-05-23
1211,記憶殺神,台北信義威秀影城,數位,14:40,2022-05-23
1212,記憶殺神,喜樂時代影城南港店,數位,17:10,2022-05-23
1213,記憶殺神,喜樂時代影城南港店,數位,21:30,2022-05-23
1214,記憶殺神,台北美麗華大直影城,數位,23:40,2022-05-24
1215,記憶殺神,台北信義威秀影城,數位,14:40,2022-05-24
1216,記憶殺神,喜樂時代影城南港店,數位,17:10,2022-05-24
1217,記憶殺神,喜樂時代影城南港店,數位,21:30,2022-05-24
1218,燃燒的劍,喜樂時代影城南港店,數位,16:50,2022-05-23
1219,燃燒的劍,喜樂時代影城南港店,數位,16:50,2022-05-24
1220,死間行動,欣欣秀泰影城,數位,14:05,2022-05-23
1221,死間行動,台北信義威秀影城,數位,21:10,2022-05-23
1222,死間行動,喜樂時代影城南港店,數位,17:10,2022-05-23
1223,死間行動,喜樂時代影城南港店,數位,17:10,2022-05-24
1224,媽的多重宇宙,國賓影城(台北長春廣場),數位,13:40,2022-05-23
1225,媽的多重宇宙,國賓影城(台北長春廣場),數位,16:20,2022-05-23
1226,媽的多重宇宙,國賓影城(台北長春廣場),數位,19:00,2022-05-23
1227,媽的多重宇宙,國賓影城(台北長春廣場),數位,20:30,2022-05-23
1228,媽的多重宇宙,國賓影城(台北長春廣場),數位,21:40,2022-05-23
1229,媽的多重宇宙,欣欣秀泰影城,數位,14:35,2022-05-23
1230,媽的多重宇宙,欣欣秀泰影城,數位,17:20,2022-05-23
1231,媽的多重宇宙,欣欣秀泰影城,數位,20:05,2022-05-23
1232,媽的多重宇宙,欣欣秀泰影城,數位,22:50,2022-05-23
1233,媽的多重宇宙,台北美麗華大直影城,數位,09:40,2022-05-23
1234,媽的多重宇宙,台北美麗華大直影城,數位,14:50,2022-05-23
1235,媽的多重宇宙,台北美麗華大直影城,數位,17:30,2022-05-23
1236,媽的多重宇宙,台北美麗華大直影城,數位,20:10,2022-05-23
1237,媽的多重宇宙,台北美麗華大直影城,數位,22:50,2022-05-23
1238,媽的多重宇宙,台北in89豪華數位影城,數位,10:10,2022-05-23
1239,媽的多重宇宙,台北in89豪華數位影城,數位,12:40,2022-05-23
1240,媽的多重宇宙,台北in89豪華數位影城,數位,15:20,2022-05-23
1241,媽的多重宇宙,台北in89豪華數位影城,數位,20:10,2022-05-23
1242,媽的多重宇宙,台北in89豪華數位影城,數位,21:30,2022-05-23
1243,媽的多重宇宙,台北in89豪華數位影城,數位,22:50,2022-05-23
1244,媽的多重宇宙,喜滿客絕色影城,數位,13:40,2022-05-23
1245,媽的多重宇宙,喜滿客絕色影城,數位,17:20,2022-05-23
1246,媽的多重宇宙,喜滿客絕色影城,數位,20:00,2022-05-23
1247,媽的多重宇宙,台北信義威秀影城,數位,10:00,2022-05-23
1248,媽的多重宇宙,台北信義威秀影城,數位,12:40,2022-05-23
1249,媽的多重宇宙,台北信義威秀影城,數位,15:20,2022-05-23
1250,媽的多重宇宙,台北信義威秀影城,數位,18:00,2022-05-23
1251,媽的多重宇宙,台北信義威秀影城,數位,20:40,2022-05-23
1252,媽的多重宇宙,台北信義威秀影城,數位,23:20,2022-05-23
1253,媽的多重宇宙,總督影城,數位,14:00,2022-05-23
1254,媽的多重宇宙,總督影城,數位,19:20,2022-05-23
1255,媽的多重宇宙,哈拉影城,數位,10:40,2022-05-23
1256,媽的多重宇宙,哈拉影城,數位,14:00,2022-05-23
1257,媽的多重宇宙,哈拉影城,數位,18:50,2022-05-23
1258,媽的多重宇宙,哈拉影城,數位,21:20,2022-05-23
1259,媽的多重宇宙,百老匯數位影城,數位,09:50,2022-05-23
1260,媽的多重宇宙,百老匯數位影城,數位,10:40,2022-05-23
1261,媽的多重宇宙,百老匯數位影城,數位,11:30,2022-05-23
1262,媽的多重宇宙,百老匯數位影城,數位,12:25,2022-05-23
1263,媽的多重宇宙,百老匯數位影城,數位,13:15,2022-05-23
1264,媽的多重宇宙,百老匯數位影城,數位,14:05,2022-05-23
1265,媽的多重宇宙,百老匯數位影城,數位,15:00,2022-05-23
1266,媽的多重宇宙,百老匯數位影城,數位,15:50,2022-05-23
1267,媽的多重宇宙,百老匯數位影城,數位,16:40,2022-05-23
1268,媽的多重宇宙,百老匯數位影城,數位,17:35,2022-05-23
1269,媽的多重宇宙,百老匯數位影城,數位,18:25,2022-05-23
1270,媽的多重宇宙,百老匯數位影城,數位,19:15,2022-05-23
1271,媽的多重宇宙,百老匯數位影城,數位,20:10,2022-05-23
1272,媽的多重宇宙,百老匯數位影城,數位,21:00,2022-05-23
1273,媽的多重宇宙,百老匯數位影城,數位,21:50,2022-05-23
1274,媽的多重宇宙,百老匯數位影城,數位,22:45,2022-05-23
1275,媽的多重宇宙,百老匯數位影城,數位,23:35,2022-05-23
1276,媽的多重宇宙,今日秀泰影城,數位,19:10,2022-05-23
1277,媽的多重宇宙,今日秀泰影城,數位,21:50,2022-05-23
1278,媽的多重宇宙,京站威秀影城,數位,10:30,2022-05-23
1279,媽的多重宇宙,京站威秀影城,數位,13:10,2022-05-23
1280,媽的多重宇宙,京站威秀影城,數位,15:45,2022-05-23
1281,媽的多重宇宙,京站威秀影城,數位,20:35,2022-05-23
1282,媽的多重宇宙,京站威秀影城,數位,23:15,2022-05-23
1283,媽的多重宇宙,台北新民生戲院,數位,12:20,2022-05-23
1284,媽的多重宇宙,台北新民生戲院,數位,16:50,2022-05-23
1285,媽的多重宇宙,台北新民生戲院,數位,21:20,2022-05-23
1286,媽的多重宇宙,誠品電影院,數位,14:00,2022-05-23
1287,媽的多重宇宙,誠品電影院,數位,19:00,2022-05-23
1288,媽的多重宇宙,喜樂時代影城南港店,數位,11:00,2022-05-23
1289,媽的多重宇宙,喜樂時代影城南港店,數位,13:40,2022-05-23
1290,媽的多重宇宙,喜樂時代影城南港店,數位,15:00,2022-05-23
1291,媽的多重宇宙,喜樂時代影城南港店,數位,16:20,2022-05-23
1292,媽的多重宇宙,喜樂時代影城南港店,數位,19:00,2022-05-23
1293,媽的多重宇宙,喜樂時代影城南港店,數位,20:10,2022-05-23
1294,媽的多重宇宙,喜樂時代影城南港店,數位,21:40,2022-05-23
1295,媽的多重宇宙,美麗新大直皇家影城,數位,15:20,2022-05-23
1296,媽的多重宇宙,美麗新大直皇家影城,數位,18:00,2022-05-23
1297,媽的多重宇宙,美麗新大直皇家影城,數位,20:40,2022-05-23
1298,媽的多重宇宙,MUVIE CINEMAS台北松仁威秀,數位,11:25,2022-05-23
1299,媽的多重宇宙,MUVIE CINEMAS台北松仁威秀,數位,14:10,2022-05-23
1300,媽的多重宇宙,MUVIE CINEMAS台北松仁威秀,數位,16:50,2022-05-23
1301,媽的多重宇宙,MUVIE CINEMAS台北松仁威秀,數位,19:30,2022-05-23
1302,媽的多重宇宙,MUVIE CINEMAS台北松仁威秀,數位,22:10,2022-05-23
1303,媽的多重宇宙,台北美麗華大直影城,數位,09:40,2022-05-24
1304,媽的多重宇宙,台北美麗華大直影城,數位,14:50,2022-05-24
1305,媽的多重宇宙,台北美麗華大直影城,數位,17:30,2022-05-24
1306,媽的多重宇宙,台北美麗華大直影城,數位,20:10,2022-05-24
1307,媽的多重宇宙,台北美麗華大直影城,數位,22:50,2022-05-24
1308,媽的多重宇宙,台北in89豪華數位影城,數位,12:40,2022-05-24
1309,媽的多重宇宙,台北in89豪華數位影城,數位,15:20,2022-05-24
1310,媽的多重宇宙,台北in89豪華數位影城,數位,20:10,2022-05-24
1311,媽的多重宇宙,台北in89豪華數位影城,數位,22:00,2022-05-24
1312,媽的多重宇宙,台北in89豪華數位影城,數位,22:50,2022-05-24
1313,媽的多重宇宙,喜滿客絕色影城,數位,13:40,2022-05-24
1314,媽的多重宇宙,喜滿客絕色影城,數位,17:20,2022-05-24
1315,媽的多重宇宙,喜滿客絕色影城,數位,20:00,2022-05-24
1316,媽的多重宇宙,台北信義威秀影城,數位,10:00,2022-05-24
1317,媽的多重宇宙,台北信義威秀影城,數位,12:40,2022-05-24
1318,媽的多重宇宙,台北信義威秀影城,數位,15:20,2022-05-24
1319,媽的多重宇宙,台北信義威秀影城,數位,18:00,2022-05-24
1320,媽的多重宇宙,台北信義威秀影城,數位,20:40,2022-05-24
1321,媽的多重宇宙,台北信義威秀影城,數位,23:20,2022-05-24
1322,媽的多重宇宙,哈拉影城,數位,10:40,2022-05-24
1323,媽的多重宇宙,哈拉影城,數位,14:00,2022-05-24
1324,媽的多重宇宙,哈拉影城,數位,18:50,2022-05-24
1325,媽的多重宇宙,哈拉影城,數位,21:20,2022-05-24
1326,媽的多重宇宙,京站威秀影城,數位,10:30,2022-05-24
1327,媽的多重宇宙,京站威秀影城,數位,13:10,2022-05-24
1328,媽的多重宇宙,京站威秀影城,數位,15:45,2022-05-24
1329,媽的多重宇宙,京站威秀影城,數位,20:35,2022-05-24
1330,媽的多重宇宙,京站威秀影城,數位,23:15,2022-05-24
1331,媽的多重宇宙,台北新民生戲院,數位,12:20,2022-05-24
1332,媽的多重宇宙,台北新民生戲院,數位,16:50,2022-05-24
1333,媽的多重宇宙,台北新民生戲院,數位,21:20,2022-05-24
1334,媽的多重宇宙,喜樂時代影城南港店,數位,11:00,2022-05-24
1335,媽的多重宇宙,喜樂時代影城南港店,數位,13:40,2022-05-24
1336,媽的多重宇宙,喜樂時代影城南港店,數位,15:00,2022-05-24
1337,媽的多重宇宙,喜樂時代影城南港店,數位,16:20,2022-05-24
1338,媽的多重宇宙,喜樂時代影城南港店,數位,19:00,2022-05-24
1339,媽的多重宇宙,喜樂時代影城南港店,數位,20:10,2022-05-24
1340,媽的多重宇宙,喜樂時代影城南港店,數位,21:40,2022-05-24
1341,媽的多重宇宙,MUVIE CINEMAS台北松仁威秀,數位,11:25,2022-05-24
1342,媽的多重宇宙,MUVIE CINEMAS台北松仁威秀,數位,14:10,2022-05-24
1343,媽的多重宇宙,MUVIE CINEMAS台北松仁威秀,數位,16:50,2022-05-24
1344,媽的多重宇宙,MUVIE CINEMAS台北松仁威秀,數位,19:30,2022-05-24
1345,媽的多重宇宙,MUVIE CINEMAS台北松仁威秀,數位,22:10,2022-05-24
1346,超吉任務,欣欣秀泰影城,數位,18:50,2022-05-23
1347,超吉任務,台北樂聲影城,數位,14:25,2022-05-23
1348,超吉任務,台北樂聲影城,數位,18:35,2022-05-23
1349,超吉任務,台北樂聲影城,數位,22:25,2022-05-23
1350,超吉任務,台北信義威秀影城,數位,12:40,2022-05-23
1351,超吉任務,喜樂時代影城南港店,數位,19:15,2022-05-23
1352,超吉任務,喜樂時代影城南港店,數位,21:05,2022-05-23
1353,超吉任務,台北樂聲影城,數位,14:25,2022-05-24
1354,超吉任務,台北樂聲影城,數位,18:35,2022-05-24
1355,超吉任務,台北樂聲影城,數位,22:25,2022-05-24
1356,超吉任務,台北信義威秀影城,數位,12:40,2022-05-24
1357,超吉任務,喜樂時代影城南港店,數位,19:15,2022-05-24
1358,超吉任務,喜樂時代影城南港店,數位,21:05,2022-05-24
1359,超吉任務,台北樂聲影城,數位,14:25,2022-05-25
1360,超吉任務,台北樂聲影城,數位,18:35,2022-05-25
1361,超吉任務,台北樂聲影城,數位,22:25,2022-05-25
1362,超吉任務,台北樂聲影城,數位,14:25,2022-05-26
1363,超吉任務,台北樂聲影城,數位,18:35,2022-05-26
1364,超吉任務,台北樂聲影城,數位,22:25,2022-05-26
1365,重慶森林,國賓影城(台北長春廣場),數位,15:00,2022-05-23
1366,重慶森林,國賓影城(台北長春廣場),數位,19:00,2022-05-23
1367,重慶森林,光點台北電影主題館,數位,21:30,2022-05-23
1368,重慶森林,誠品電影院,數位,19:40,2022-05-23
1369,重慶森林,喜樂時代影城南港店,數位,17:00,2022-05-23
1370,重慶森林,喜樂時代影城南港店,數位,17:00,2022-05-24
1371,越驚,喜樂時代影城南港店,數位,21:00,2022-05-23
1372,越驚,喜樂時代影城南港店,數位,21:00,2022-05-24
1373,怪獸與鄧不利多的秘密,國賓影城(台北長春廣場),數位,14:00,2022-05-23
1374,怪獸與鄧不利多的秘密,國賓影城(台北長春廣場),數位,18:30,2022-05-23
1375,怪獸與鄧不利多的秘密,欣欣秀泰影城,數位,15:30,2022-05-23
1376,怪獸與鄧不利多的秘密,欣欣秀泰影城,數位,20:45,2022-05-23
1377,怪獸與鄧不利多的秘密,台北美麗華大直影城,數位,14:15,2022-05-23
1378,怪獸與鄧不利多的秘密,台北美麗華大直影城,數位,19:00,2022-05-23
1379,怪獸與鄧不利多的秘密,台北美麗華大直影城,數位,23:10,2022-05-23
1380,怪獸與鄧不利多的秘密,台北新光影城,數位,16:35,2022-05-23
1381,怪獸與鄧不利多的秘密,台北in89豪華數位影城,數位,12:20,2022-05-23
1382,怪獸與鄧不利多的秘密,台北in89豪華數位影城,數位,17:20,2022-05-23
1383,怪獸與鄧不利多的秘密,台北in89豪華數位影城,數位,22:30,2022-05-23
1384,怪獸與鄧不利多的秘密,喜滿客絕色影城,數位,15:50,2022-05-23
1385,怪獸與鄧不利多的秘密,台北信義威秀影城,數位,10:05,2022-05-23
1386,怪獸與鄧不利多的秘密,台北信義威秀影城,數位,16:25,2022-05-23
1387,怪獸與鄧不利多的秘密,台北信義威秀影城,數位,19:15,2022-05-23
1388,怪獸與鄧不利多的秘密,台北信義威秀影城,數位,23:30,2022-05-23
1389,怪獸與鄧不利多的秘密,總督影城,數位,16:40,2022-05-23
1390,怪獸與鄧不利多的秘密,哈拉影城,數位,15:30,2022-05-23
1391,怪獸與鄧不利多的秘密,哈拉影城,數位,18:20,2022-05-23
1392,怪獸與鄧不利多的秘密,百老匯數位影城,數位,12:10,2022-05-23
1393,怪獸與鄧不利多的秘密,百老匯數位影城,數位,17:05,2022-05-23
1394,怪獸與鄧不利多的秘密,百老匯數位影城,數位,22:00,2022-05-23
1395,怪獸與鄧不利多的秘密,東南亞秀泰影城,數位,12:10,2022-05-23
1396,怪獸與鄧不利多的秘密,今日秀泰影城,數位,17:20,2022-05-23
1397,怪獸與鄧不利多的秘密,京站威秀影城,數位,12:05,2022-05-23
1398,怪獸與鄧不利多的秘密,京站威秀影城,數位,16:50,2022-05-23
1399,怪獸與鄧不利多的秘密,京站威秀影城,數位,22:45,2022-05-23
1400,怪獸與鄧不利多的秘密,喜樂時代影城南港店,數位,14:15,2022-05-23
1401,怪獸與鄧不利多的秘密,喜樂時代影城南港店,數位,16:55,2022-05-23
1402,怪獸與鄧不利多的秘密,喜樂時代影城南港店,數位,19:35,2022-05-23
1403,怪獸與鄧不利多的秘密,美麗新大直皇家影城,數位,16:30,2022-05-23
1404,怪獸與鄧不利多的秘密,MUVIE CINEMAS台北松仁威秀,數位,14:35,2022-05-23
1405,怪獸與鄧不利多的秘密,MUVIE CINEMAS台北松仁威秀,數位,22:40,2022-05-23
1406,怪獸與鄧不利多的秘密,台北美麗華大直影城,數位,14:15,2022-05-24
1407,怪獸與鄧不利多的秘密,台北美麗華大直影城,數位,19:00,2022-05-24
1408,怪獸與鄧不利多的秘密,台北美麗華大直影城,數位,23:10,2022-05-24
1409,怪獸與鄧不利多的秘密,台北新光影城,數位,16:35,2022-05-24
1410,怪獸與鄧不利多的秘密,台北in89豪華數位影城,數位,11:50,2022-05-24
1411,怪獸與鄧不利多的秘密,台北in89豪華數位影城,數位,16:50,2022-05-24
1412,怪獸與鄧不利多的秘密,台北in89豪華數位影城,數位,22:00,2022-05-24
1413,怪獸與鄧不利多的秘密,喜滿客絕色影城,數位,15:50,2022-05-24
1414,怪獸與鄧不利多的秘密,台北信義威秀影城,數位,10:05,2022-05-24
1415,怪獸與鄧不利多的秘密,台北信義威秀影城,數位,16:25,2022-05-24
1416,怪獸與鄧不利多的秘密,台北信義威秀影城,數位,19:15,2022-05-24
1417,怪獸與鄧不利多的秘密,台北信義威秀影城,數位,23:30,2022-05-24
1418,怪獸與鄧不利多的秘密,哈拉影城,數位,15:30,2022-05-24
1419,怪獸與鄧不利多的秘密,哈拉影城,數位,18:20,2022-05-24
1420,怪獸與鄧不利多的秘密,京站威秀影城,數位,12:05,2022-05-24
1421,怪獸與鄧不利多的秘密,京站威秀影城,數位,16:50,2022-05-24
1422,怪獸與鄧不利多的秘密,京站威秀影城,數位,22:45,2022-05-24
1423,怪獸與鄧不利多的秘密,喜樂時代影城南港店,數位,14:15,2022-05-24
1424,怪獸與鄧不利多的秘密,喜樂時代影城南港店,數位,16:55,2022-05-24
1425,怪獸與鄧不利多的秘密,喜樂時代影城南港店,數位,19:35,2022-05-24
1426,怪獸與鄧不利多的秘密,MUVIE CINEMAS台北松仁威秀,數位,14:35,2022-05-24
1427,怪獸與鄧不利多的秘密,MUVIE CINEMAS台北松仁威秀,數位,22:40,2022-05-24
1428,少年,喜樂時代影城南港店,數位,17:00,2022-05-23
1429,電影版 如果30歲還是處男，似乎就能成為魔法師,台北樂聲影城,數位,09:45,2022-05-23
1430,電影版 如果30歲還是處男，似乎就能成為魔法師,台北樂聲影城,數位,13:50,2022-05-23
1431,電影版 如果30歲還是處男，似乎就能成為魔法師,台北樂聲影城,數位,20:25,2022-05-23
1432,電影版 如果30歲還是處男，似乎就能成為魔法師,台北信義威秀影城,數位,13:10,2022-05-23
1433,電影版 如果30歲還是處男，似乎就能成為魔法師,東南亞秀泰影城,數位,17:10,2022-05-23
1434,電影版 如果30歲還是處男，似乎就能成為魔法師,京站威秀影城,數位,10:05,2022-05-23
1435,電影版 如果30歲還是處男，似乎就能成為魔法師,喜樂時代影城南港店,數位,13:20,2022-05-23
1436,電影版 如果30歲還是處男，似乎就能成為魔法師,台北樂聲影城,數位,09:45,2022-05-24
1437,電影版 如果30歲還是處男，似乎就能成為魔法師,台北樂聲影城,數位,13:50,2022-05-24
1438,電影版 如果30歲還是處男，似乎就能成為魔法師,台北樂聲影城,數位,20:25,2022-05-24
1439,電影版 如果30歲還是處男，似乎就能成為魔法師,台北信義威秀影城,數位,13:10,2022-05-24
1440,電影版 如果30歲還是處男，似乎就能成為魔法師,京站威秀影城,數位,10:05,2022-05-24
1441,電影版 如果30歲還是處男，似乎就能成為魔法師,喜樂時代影城南港店,數位,13:20,2022-05-24
1442,電影版 如果30歲還是處男，似乎就能成為魔法師,台北樂聲影城,數位,09:45,2022-05-25
1443,電影版 如果30歲還是處男，似乎就能成為魔法師,台北樂聲影城,數位,13:50,2022-05-25
1444,電影版 如果30歲還是處男，似乎就能成為魔法師,台北樂聲影城,數位,20:25,2022-05-25
1445,電影版 如果30歲還是處男，似乎就能成為魔法師,台北樂聲影城,數位,09:45,2022-05-26
1446,電影版 如果30歲還是處男，似乎就能成為魔法師,台北樂聲影城,數位,13:50,2022-05-26
1447,電影版 如果30歲還是處男，似乎就能成為魔法師,台北樂聲影城,數位,20:25,2022-05-26
1448,頭七,欣欣秀泰影城,數位,10:50,2022-05-23
1449,頭七,今日秀泰影城,數位,17:10,2022-05-23
1450,頭七,喜樂時代影城南港店,數位,21:00,2022-05-23
1451,頭七,喜樂時代影城南港店,數位,21:00,2022-05-24
1452,咒,國賓影城(台北長春廣場),數位,21:10,2022-05-23
1453,咒,欣欣秀泰影城,數位,10:30,2022-05-23
1454,咒,台北美麗華大直影城,數位,18:40,2022-05-23
1455,咒,台北in89豪華數位影城,數位,18:00,2022-05-23
1456,咒,台北樂聲影城,數位,00:25,2022-05-23
1457,咒,台北信義威秀影城,數位,22:40,2022-05-23
1458,咒,東南亞秀泰影城,數位,09:50,2022-05-23
1459,咒,今日秀泰影城,數位,15:00,2022-05-23
1460,咒,喜樂時代影城南港店,數位,13:00,2022-05-23
1461,咒,喜樂時代影城南港店,數位,17:00,2022-05-23
1462,咒,喜樂時代影城南港店,數位,21:10,2022-05-23
1463,咒,台北美麗華大直影城,數位,18:40,2022-05-24
1464,咒,台北in89豪華數位影城,數位,18:00,2022-05-24
1465,咒,台北樂聲影城,數位,00:25,2022-05-24
1466,咒,台北信義威秀影城,數位,22:40,2022-05-24
1467,咒,喜樂時代影城南港店,數位,13:00,2022-05-24
1468,咒,喜樂時代影城南港店,數位,17:00,2022-05-24
1469,咒,喜樂時代影城南港店,數位,21:10,2022-05-24
1470,咒,台北樂聲影城,數位,00:25,2022-05-25
1471,咒,台北樂聲影城,數位,00:25,2022-05-26
1472,該死的阿修羅,喜樂時代影城南港店,數位,15:25,2022-05-23
1473,該死的阿修羅,喜樂時代影城南港店,數位,19:40,2022-05-23
1474,該死的阿修羅,喜樂時代影城南港店,數位,15:25,2022-05-24
1475,該死的阿修羅,喜樂時代影城南港店,數位,19:40,2022-05-24
1476,失落謎城,欣欣秀泰影城,數位,11:50,2022-05-23
1477,少年,喜樂時代影城南港店,數位,17:00,2022-05-23
1478,電影版 如果30歲還是處男，似乎就能成為魔法師,台北樂聲影城,數位,09:45,2022-05-23
1479,電影版 如果30歲還是處男，似乎就能成為魔法師,台北樂聲影城,數位,13:50,2022-05-23
1480,電影版 如果30歲還是處男，似乎就能成為魔法師,台北樂聲影城,數位,20:25,2022-05-23
1481,電影版 如果30歲還是處男，似乎就能成為魔法師,台北信義威秀影城,數位,13:10,2022-05-23
1482,電影版 如果30歲還是處男，似乎就能成為魔法師,東南亞秀泰影城,數位,17:10,2022-05-23
1483,電影版 如果30歲還是處男，似乎就能成為魔法師,京站威秀影城,數位,10:05,2022-05-23
1484,電影版 如果30歲還是處男，似乎就能成為魔法師,喜樂時代影城南港店,數位,13:20,2022-05-23
1485,電影版 如果30歲還是處男，似乎就能成為魔法師,台北樂聲影城,數位,09:45,2022-05-24
1486,電影版 如果30歲還是處男，似乎就能成為魔法師,台北樂聲影城,數位,13:50,2022-05-24
1487,電影版 如果30歲還是處男，似乎就能成為魔法師,台北樂聲影城,數位,20:25,2022-05-24
1488,電影版 如果30歲還是處男，似乎就能成為魔法師,台北信義威秀影城,數位,13:10,2022-05-24
1489,電影版 如果30歲還是處男，似乎就能成為魔法師,京站威秀影城,數位,10:05,2022-05-24
1490,電影版 如果30歲還是處男，似乎就能成為魔法師,喜樂時代影城南港店,數位,13:20,2022-05-24
1491,電影版 如果30歲還是處男，似乎就能成為魔法師,台北樂聲影城,數位,09:45,2022-05-25
1492,電影版 如果30歲還是處男，似乎就能成為魔法師,台北樂聲影城,數位,13:50,2022-05-25
1493,電影版 如果30歲還是處男，似乎就能成為魔法師,台北樂聲影城,數位,20:25,2022-05-25
1494,電影版 如果30歲還是處男，似乎就能成為魔法師,台北樂聲影城,數位,09:45,2022-05-26
1495,電影版 如果30歲還是處男，似乎就能成為魔法師,台北樂聲影城,數位,13:50,2022-05-26
1496,電影版 如果30歲還是處男，似乎就能成為魔法師,台北樂聲影城,數位,20:25,2022-05-26
1497,頭七,欣欣秀泰影城,數位,10:50,2022-05-23
1498,頭七,今日秀泰影城,數位,17:10,2022-05-23
1499,頭七,喜樂時代影城南港店,數位,21:00,2022-05-23
1500,頭七,喜樂時代影城南港店,數位,21:00,2022-05-24
1501,咒,國賓影城(台北長春廣場),數位,21:10,2022-05-23
1502,咒,欣欣秀泰影城,數位,10:30,2022-05-23
1503,咒,台北美麗華大直影城,數位,18:40,2022-05-23
1504,咒,台北in89豪華數位影城,數位,18:00,2022-05-23
1505,咒,台北樂聲影城,數位,00:25,2022-05-23
1506,咒,台北信義威秀影城,數位,22:40,2022-05-23
1507,咒,東南亞秀泰影城,數位,09:50,2022-05-23
1508,咒,今日秀泰影城,數位,15:00,2022-05-23
1509,咒,喜樂時代影城南港店,數位,13:00,2022-05-23
1510,咒,喜樂時代影城南港店,數位,17:00,2022-05-23
1511,咒,喜樂時代影城南港店,數位,21:10,2022-05-23
1512,咒,台北美麗華大直影城,數位,18:40,2022-05-24
1513,咒,台北in89豪華數位影城,數位,18:00,2022-05-24
1514,咒,台北樂聲影城,數位,00:25,2022-05-24
1515,咒,台北信義威秀影城,數位,22:40,2022-05-24
1516,咒,喜樂時代影城南港店,數位,13:00,2022-05-24
1517,咒,喜樂時代影城南港店,數位,17:00,2022-05-24
1518,咒,喜樂時代影城南港店,數位,21:10,2022-05-24
1519,咒,台北樂聲影城,數位,00:25,2022-05-25
1520,咒,台北樂聲影城,數位,00:25,2022-05-26
1521,少年吔,欣欣秀泰影城,數位,11:40,2022-05-23
1522,少年吔,東南亞秀泰影城,數位,10:40,2022-05-23
1523,少年吔,今日秀泰影城,數位,10:30,2022-05-23
1524,該死的阿修羅,喜樂時代影城南港店,數位,15:25,2022-05-23
1525,該死的阿修羅,喜樂時代影城南港店,數位,19:40,2022-05-23
1526,該死的阿修羅,喜樂時代影城南港店,數位,15:25,2022-05-24
1527,該死的阿修羅,喜樂時代影城南港店,數位,19:40,2022-05-24
1528,時代革命,喜樂時代影城南港店,數位,16:50,2022-05-24
1529,劇場版 咒術迴戰 0,欣欣秀泰影城,數位,16:40,2022-05-23
1530,劇場版 咒術迴戰 0,東南亞秀泰影城,數位,15:00,2022-05-23
1531,劇場版 咒術迴戰 0,京站威秀影城,數位,16:35,2022-05-23
1532,劇場版 咒術迴戰 0,喜樂時代影城南港店,數位,12:40,2022-05-23
1533,劇場版 咒術迴戰 0,京站威秀影城,數位,16:35,2022-05-24
1534,我吃了那男孩一整年的早餐,欣欣秀泰影城,數位,10:30,2022-05-23
1535,我吃了那男孩一整年的早餐,東南亞秀泰影城,數位,09:50,2022-05-23
1536,我吃了那男孩一整年的早餐,今日秀泰影城,數位,12:50,2022-05-23
1537,墮落天使,誠品電影院,數位,21:45,2022-05-23
1538,捍衛戰士：獨行俠,台北美麗華大直影城,IMAX,09:00,2022-05-25
1539,捍衛戰士：獨行俠,台北美麗華大直影城,IMAX,11:35,2022-05-25
1540,捍衛戰士：獨行俠,台北美麗華大直影城,IMAX,14:10,2022-05-25
1541,捍衛戰士：獨行俠,台北美麗華大直影城,IMAX,16:45,2022-05-25
1542,捍衛戰士：獨行俠,台北美麗華大直影城,IMAX,19:20,2022-05-25
1543,捍衛戰士：獨行俠,台北美麗華大直影城,IMAX,21:55,2022-05-25
1544,捍衛戰士：獨行俠,台北美麗華大直影城,IMAX,00:30,2022-05-25
1545,捍衛戰士：獨行俠,台北美麗華大直影城,數位,09:50,2022-05-25
1546,捍衛戰士：獨行俠,台北美麗華大直影城,數位,11:00,2022-05-25
1547,捍衛戰士：獨行俠,台北美麗華大直影城,數位,12:25,2022-05-25
1548,捍衛戰士：獨行俠,台北美麗華大直影城,數位,13:35,2022-05-25
1549,捍衛戰士：獨行俠,台北美麗華大直影城,數位,15:00,2022-05-25
1550,捍衛戰士：獨行俠,台北美麗華大直影城,數位,16:10,2022-05-25
1551,捍衛戰士：獨行俠,台北美麗華大直影城,數位,17:35,2022-05-25
1552,捍衛戰士：獨行俠,台北美麗華大直影城,數位,18:45,2022-05-25
1553,捍衛戰士：獨行俠,台北美麗華大直影城,數位,20:10,2022-05-25
1554,捍衛戰士：獨行俠,台北美麗華大直影城,數位,21:20,2022-05-25
1555,捍衛戰士：獨行俠,台北美麗華大直影城,數位,22:45,2022-05-25
1556,捍衛戰士：獨行俠,台北美麗華大直影城,數位,23:55,2022-05-25
1557,捍衛戰士：獨行俠,台北新光影城,數位,11:45,2022-05-25
1558,捍衛戰士：獨行俠,台北新光影城,數位,14:15,2022-05-25
1559,捍衛戰士：獨行俠,台北新光影城,數位,16:45,2022-05-25
1560,捍衛戰士：獨行俠,台北新光影城,數位,19:15,2022-05-25
1561,捍衛戰士：獨行俠,台北in89豪華數位影城,數位,09:30,2022-05-25
1562,捍衛戰士：獨行俠,台北in89豪華數位影城,數位,11:50,2022-05-25
1563,捍衛戰士：獨行俠,台北in89豪華數位影城,數位,14:20,2022-05-25
1564,捍衛戰士：獨行俠,台北in89豪華數位影城,數位,16:50,2022-05-25
1565,捍衛戰士：獨行俠,台北in89豪華數位影城,數位,19:20,2022-05-25
1566,捍衛戰士：獨行俠,台北in89豪華數位影城,數位,21:50,2022-05-25
1567,捍衛戰士：獨行俠,台北in89豪華數位影城,數位,00:20,2022-05-25
1568,捍衛戰士：獨行俠,喜滿客絕色影城,數位,13:50,2022-05-25
1569,捍衛戰士：獨行俠,喜滿客絕色影城,數位,16:20,2022-05-25
1570,捍衛戰士：獨行俠,喜滿客絕色影城,數位,18:50,2022-05-25
1571,捍衛戰士：獨行俠,喜滿客絕色影城,數位,21:20,2022-05-25
1572,捍衛戰士：獨行俠,台北信義威秀影城,數位,09:00,2022-05-25
1573,捍衛戰士：獨行俠,台北信義威秀影城,數位,10:25,2022-05-25
1574,捍衛戰士：獨行俠,台北信義威秀影城,數位,11:30,2022-05-25
1575,捍衛戰士：獨行俠,台北信義威秀影城,數位,12:55,2022-05-25
1576,捍衛戰士：獨行俠,台北信義威秀影城,數位,14:00,2022-05-25
1577,捍衛戰士：獨行俠,台北信義威秀影城,數位,15:25,2022-05-25
1578,捍衛戰士：獨行俠,台北信義威秀影城,數位,16:30,2022-05-25
1579,捍衛戰士：獨行俠,台北信義威秀影城,數位,17:55,2022-05-25
1580,捍衛戰士：獨行俠,台北信義威秀影城,數位,19:00,2022-05-25
1581,捍衛戰士：獨行俠,台北信義威秀影城,數位,20:25,2022-05-25
1582,捍衛戰士：獨行俠,台北信義威秀影城,數位,21:30,2022-05-25
1583,捍衛戰士：獨行俠,台北信義威秀影城,數位,22:55,2022-05-25
1584,捍衛戰士：獨行俠,台北信義威秀影城,數位,00:00,2022-05-25
1585,捍衛戰士：獨行俠,台北信義威秀影城,數位,01:25,2022-05-25
1586,捍衛戰士：獨行俠,哈拉影城,數位,10:05,2022-05-25
1587,捍衛戰士：獨行俠,哈拉影城,數位,10:30,2022-05-25
1588,捍衛戰士：獨行俠,哈拉影城,數位,12:30,2022-05-25
1589,捍衛戰士：獨行俠,哈拉影城,數位,13:00,2022-05-25
1590,捍衛戰士：獨行俠,哈拉影城,數位,13:40,2022-05-25
1591,捍衛戰士：獨行俠,哈拉影城,數位,14:20,2022-05-25
1592,捍衛戰士：獨行俠,哈拉影城,數位,15:00,2022-05-25
1593,捍衛戰士：獨行俠,哈拉影城,數位,15:30,2022-05-25
1594,捍衛戰士：獨行俠,哈拉影城,數位,16:10,2022-05-25
1595,捍衛戰士：獨行俠,哈拉影城,數位,16:50,2022-05-25
1596,捍衛戰士：獨行俠,哈拉影城,數位,17:30,2022-05-25
1597,捍衛戰士：獨行俠,哈拉影城,數位,18:00,2022-05-25
1598,捍衛戰士：獨行俠,哈拉影城,數位,18:40,2022-05-25
1599,捍衛戰士：獨行俠,哈拉影城,數位,19:20,2022-05-25
1600,捍衛戰士：獨行俠,哈拉影城,數位,19:40,2022-05-25
1601,捍衛戰士：獨行俠,哈拉影城,數位,20:00,2022-05-25
1602,捍衛戰士：獨行俠,哈拉影城,數位,20:30,2022-05-25
1603,捍衛戰士：獨行俠,哈拉影城,數位,21:10,2022-05-25
1604,捍衛戰士：獨行俠,京站威秀影城,數位,09:00,2022-05-25
1605,捍衛戰士：獨行俠,京站威秀影城,數位,11:30,2022-05-25
1606,捍衛戰士：獨行俠,京站威秀影城,數位,14:00,2022-05-25
1607,捍衛戰士：獨行俠,京站威秀影城,數位,16:30,2022-05-25
1608,捍衛戰士：獨行俠,京站威秀影城,數位,19:00,2022-05-25
1609,捍衛戰士：獨行俠,京站威秀影城,數位,21:30,2022-05-25
1610,捍衛戰士：獨行俠,京站威秀影城,數位,00:00,2022-05-25
1611,捍衛戰士：獨行俠,台北新民生戲院,數位,10:30,2022-05-25
1612,捍衛戰士：獨行俠,台北新民生戲院,數位,13:00,2022-05-25
1613,捍衛戰士：獨行俠,台北新民生戲院,數位,15:30,2022-05-25
1614,捍衛戰士：獨行俠,台北新民生戲院,數位,18:00,2022-05-25
1615,捍衛戰士：獨行俠,台北新民生戲院,數位,20:30,2022-05-25
1616,捍衛戰士：獨行俠,台北新民生戲院,數位,23:00,2022-05-25
1617,捍衛戰士：獨行俠,喜樂時代影城南港店,數位,10:45,2022-05-25
1618,捍衛戰士：獨行俠,喜樂時代影城南港店,數位,11:50,2022-05-25
1619,捍衛戰士：獨行俠,喜樂時代影城南港店,數位,13:15,2022-05-25
1620,捍衛戰士：獨行俠,喜樂時代影城南港店,數位,14:20,2022-05-25
1621,捍衛戰士：獨行俠,喜樂時代影城南港店,數位,15:45,2022-05-25
1622,捍衛戰士：獨行俠,喜樂時代影城南港店,數位,16:50,2022-05-25
1623,捍衛戰士：獨行俠,喜樂時代影城南港店,數位,18:15,2022-05-25
1624,捍衛戰士：獨行俠,喜樂時代影城南港店,數位,19:20,2022-05-25
1625,捍衛戰士：獨行俠,喜樂時代影城南港店,數位,20:45,2022-05-25
1626,捍衛戰士：獨行俠,喜樂時代影城南港店,數位,21:50,2022-05-25
1627,捍衛戰士：獨行俠,MUVIE CINEMAS台北松仁威秀,TITAN,09:30,2022-05-25
1628,捍衛戰士：獨行俠,MUVIE CINEMAS台北松仁威秀,TITAN,12:00,2022-05-25
1629,捍衛戰士：獨行俠,MUVIE CINEMAS台北松仁威秀,TITAN,14:30,2022-05-25
1630,捍衛戰士：獨行俠,MUVIE CINEMAS台北松仁威秀,TITAN,17:00,2022-05-25
1631,捍衛戰士：獨行俠,MUVIE CINEMAS台北松仁威秀,TITAN,19:30,2022-05-25
1632,捍衛戰士：獨行俠,MUVIE CINEMAS台北松仁威秀,TITAN,22:00,2022-05-25
1633,捍衛戰士：獨行俠,MUVIE CINEMAS台北松仁威秀,TITAN,00:30,2022-05-25
1634,捍衛戰士：獨行俠,MUVIE CINEMAS台北松仁威秀,數位,10:20,2022-05-25
1635,捍衛戰士：獨行俠,MUVIE CINEMAS台北松仁威秀,數位,12:50,2022-05-25
1636,捍衛戰士：獨行俠,MUVIE CINEMAS台北松仁威秀,數位,15:20,2022-05-25
1637,捍衛戰士：獨行俠,MUVIE CINEMAS台北松仁威秀,數位,17:50,2022-05-25
1638,捍衛戰士：獨行俠,MUVIE CINEMAS台北松仁威秀,數位,20:20,2022-05-25
1639,捍衛戰士：獨行俠,MUVIE CINEMAS台北松仁威秀,數位,22:50,2022-05-25
1640,捍衛戰士：獨行俠,台北美麗華大直影城,IMAX,09:00,2022-05-26
1641,捍衛戰士：獨行俠,台北美麗華大直影城,IMAX,11:35,2022-05-26
1642,捍衛戰士：獨行俠,台北美麗華大直影城,IMAX,14:10,2022-05-26
1643,捍衛戰士：獨行俠,台北美麗華大直影城,IMAX,16:45,2022-05-26
1644,捍衛戰士：獨行俠,台北美麗華大直影城,IMAX,19:20,2022-05-26
1645,捍衛戰士：獨行俠,台北美麗華大直影城,IMAX,21:55,2022-05-26
1646,捍衛戰士：獨行俠,台北美麗華大直影城,IMAX,00:30,2022-05-26
1647,捍衛戰士：獨行俠,台北美麗華大直影城,數位,09:50,2022-05-26
1648,捍衛戰士：獨行俠,台北美麗華大直影城,數位,11:00,2022-05-26
1649,捍衛戰士：獨行俠,台北美麗華大直影城,數位,12:25,2022-05-26
1650,捍衛戰士：獨行俠,台北美麗華大直影城,數位,13:35,2022-05-26
1651,捍衛戰士：獨行俠,台北美麗華大直影城,數位,15:00,2022-05-26
1652,捍衛戰士：獨行俠,台北美麗華大直影城,數位,16:10,2022-05-26
1653,捍衛戰士：獨行俠,台北美麗華大直影城,數位,17:35,2022-05-26
1654,捍衛戰士：獨行俠,台北美麗華大直影城,數位,18:45,2022-05-26
1655,捍衛戰士：獨行俠,台北美麗華大直影城,數位,20:10,2022-05-26
1656,捍衛戰士：獨行俠,台北美麗華大直影城,數位,21:20,2022-05-26
1657,捍衛戰士：獨行俠,台北美麗華大直影城,數位,22:45,2022-05-26
1658,捍衛戰士：獨行俠,台北美麗華大直影城,數位,23:55,2022-05-26
1659,捍衛戰士：獨行俠,台北新光影城,數位,11:45,2022-05-26
1660,捍衛戰士：獨行俠,台北新光影城,數位,14:15,2022-05-26
1661,捍衛戰士：獨行俠,台北新光影城,數位,16:45,2022-05-26
1662,捍衛戰士：獨行俠,台北新光影城,數位,19:15,2022-05-26
1663,捍衛戰士：獨行俠,台北in89豪華數位影城,數位,09:30,2022-05-26
1664,捍衛戰士：獨行俠,台北in89豪華數位影城,數位,11:50,2022-05-26
1665,捍衛戰士：獨行俠,台北in89豪華數位影城,數位,14:20,2022-05-26
1666,捍衛戰士：獨行俠,台北in89豪華數位影城,數位,16:50,2022-05-26
1667,捍衛戰士：獨行俠,台北in89豪華數位影城,數位,19:20,2022-05-26
1668,捍衛戰士：獨行俠,台北in89豪華數位影城,數位,21:50,2022-05-26
1669,捍衛戰士：獨行俠,台北in89豪華數位影城,數位,00:20,2022-05-26
1670,捍衛戰士：獨行俠,喜滿客絕色影城,數位,13:50,2022-05-26
1671,捍衛戰士：獨行俠,喜滿客絕色影城,數位,16:20,2022-05-26
1672,捍衛戰士：獨行俠,喜滿客絕色影城,數位,18:50,2022-05-26
1673,捍衛戰士：獨行俠,喜滿客絕色影城,數位,21:20,2022-05-26
1674,捍衛戰士：獨行俠,台北信義威秀影城,數位,09:00,2022-05-26
1675,捍衛戰士：獨行俠,台北信義威秀影城,數位,10:25,2022-05-26
1676,捍衛戰士：獨行俠,台北信義威秀影城,數位,11:30,2022-05-26
1677,捍衛戰士：獨行俠,台北信義威秀影城,數位,12:55,2022-05-26
1678,捍衛戰士：獨行俠,台北信義威秀影城,數位,14:00,2022-05-26
1679,捍衛戰士：獨行俠,台北信義威秀影城,數位,15:25,2022-05-26
1680,捍衛戰士：獨行俠,台北信義威秀影城,數位,16:30,2022-05-26
1681,捍衛戰士：獨行俠,台北信義威秀影城,數位,17:55,2022-05-26
1682,捍衛戰士：獨行俠,台北信義威秀影城,數位,19:00,2022-05-26
1683,捍衛戰士：獨行俠,台北信義威秀影城,數位,20:25,2022-05-26
1684,捍衛戰士：獨行俠,台北信義威秀影城,數位,21:30,2022-05-26
1685,捍衛戰士：獨行俠,台北信義威秀影城,數位,22:55,2022-05-26
1686,捍衛戰士：獨行俠,台北信義威秀影城,數位,00:00,2022-05-26
1687,捍衛戰士：獨行俠,台北信義威秀影城,數位,01:25,2022-05-26
1688,捍衛戰士：獨行俠,哈拉影城,數位,10:00,2022-05-26
1689,捍衛戰士：獨行俠,哈拉影城,數位,10:30,2022-05-26
1690,捍衛戰士：獨行俠,哈拉影城,數位,12:30,2022-05-26
1691,捍衛戰士：獨行俠,哈拉影城,數位,13:00,2022-05-26
1692,捍衛戰士：獨行俠,哈拉影城,數位,13:40,2022-05-26
1693,捍衛戰士：獨行俠,哈拉影城,數位,14:20,2022-05-26
1694,捍衛戰士：獨行俠,哈拉影城,數位,15:00,2022-05-26
1695,捍衛戰士：獨行俠,哈拉影城,數位,15:30,2022-05-26
1696,捍衛戰士：獨行俠,哈拉影城,數位,16:10,2022-05-26
1697,捍衛戰士：獨行俠,哈拉影城,數位,16:50,2022-05-26
1698,捍衛戰士：獨行俠,哈拉影城,數位,17:30,2022-05-26
1699,捍衛戰士：獨行俠,哈拉影城,數位,18:00,2022-05-26
1700,捍衛戰士：獨行俠,哈拉影城,數位,18:40,2022-05-26
1701,捍衛戰士：獨行俠,哈拉影城,數位,19:20,2022-05-26
1702,捍衛戰士：獨行俠,哈拉影城,數位,19:40,2022-05-26
1703,捍衛戰士：獨行俠,哈拉影城,數位,20:00,2022-05-26
1704,捍衛戰士：獨行俠,哈拉影城,數位,20:30,2022-05-26
1705,捍衛戰士：獨行俠,哈拉影城,數位,21:10,2022-05-26
1706,捍衛戰士：獨行俠,京站威秀影城,數位,09:00,2022-05-26
1707,捍衛戰士：獨行俠,京站威秀影城,數位,11:30,2022-05-26
1708,捍衛戰士：獨行俠,京站威秀影城,數位,14:00,2022-05-26
1709,捍衛戰士：獨行俠,京站威秀影城,數位,16:30,2022-05-26
1710,捍衛戰士：獨行俠,京站威秀影城,數位,19:00,2022-05-26
1711,捍衛戰士：獨行俠,京站威秀影城,數位,21:30,2022-05-26
1712,捍衛戰士：獨行俠,京站威秀影城,數位,00:00,2022-05-26
1713,捍衛戰士：獨行俠,台北新民生戲院,數位,10:30,2022-05-26
1714,捍衛戰士：獨行俠,台北新民生戲院,數位,13:00,2022-05-26
1715,捍衛戰士：獨行俠,台北新民生戲院,數位,15:30,2022-05-26
1716,捍衛戰士：獨行俠,台北新民生戲院,數位,18:00,2022-05-26
1717,捍衛戰士：獨行俠,台北新民生戲院,數位,20:30,2022-05-26
1718,捍衛戰士：獨行俠,台北新民生戲院,數位,23:00,2022-05-26
1719,捍衛戰士：獨行俠,喜樂時代影城南港店,數位,10:45,2022-05-26
1720,捍衛戰士：獨行俠,喜樂時代影城南港店,數位,11:50,2022-05-26
1721,捍衛戰士：獨行俠,喜樂時代影城南港店,數位,13:15,2022-05-26
1722,捍衛戰士：獨行俠,喜樂時代影城南港店,數位,14:20,2022-05-26
1723,捍衛戰士：獨行俠,喜樂時代影城南港店,數位,15:45,2022-05-26
1724,捍衛戰士：獨行俠,喜樂時代影城南港店,數位,16:50,2022-05-26
1725,捍衛戰士：獨行俠,喜樂時代影城南港店,數位,18:15,2022-05-26
1726,捍衛戰士：獨行俠,喜樂時代影城南港店,數位,19:20,2022-05-26
1727,捍衛戰士：獨行俠,喜樂時代影城南港店,數位,20:45,2022-05-26
1728,捍衛戰士：獨行俠,喜樂時代影城南港店,數位,21:50,2022-05-26
1729,捍衛戰士：獨行俠,MUVIE CINEMAS台北松仁威秀,TITAN,09:30,2022-05-26
1730,捍衛戰士：獨行俠,MUVIE CINEMAS台北松仁威秀,TITAN,12:00,2022-05-26
1731,捍衛戰士：獨行俠,MUVIE CINEMAS台北松仁威秀,TITAN,14:30,2022-05-26
1732,捍衛戰士：獨行俠,MUVIE CINEMAS台北松仁威秀,TITAN,17:00,2022-05-26
1733,捍衛戰士：獨行俠,MUVIE CINEMAS台北松仁威秀,TITAN,19:30,2022-05-26
1734,捍衛戰士：獨行俠,MUVIE CINEMAS台北松仁威秀,TITAN,22:00,2022-05-26
1735,捍衛戰士：獨行俠,MUVIE CINEMAS台北松仁威秀,TITAN,00:30,2022-05-26
1736,捍衛戰士：獨行俠,MUVIE CINEMAS台北松仁威秀,數位,10:20,2022-05-26
1737,捍衛戰士：獨行俠,MUVIE CINEMAS台北松仁威秀,數位,12:50,2022-05-26
1738,捍衛戰士：獨行俠,MUVIE CINEMAS台北松仁威秀,數位,15:20,2022-05-26
1739,捍衛戰士：獨行俠,MUVIE CINEMAS台北松仁威秀,數位,17:50,2022-05-26
1740,捍衛戰士：獨行俠,MUVIE CINEMAS台北松仁威秀,數位,20:20,2022-05-26
1741,捍衛戰士：獨行俠,MUVIE CINEMAS台北松仁威秀,數位,22:50,2022-05-26
1742,捍衛戰士：獨行俠,台北美麗華大直影城,IMAX,09:00,2022-05-27
1743,捍衛戰士：獨行俠,台北美麗華大直影城,IMAX,11:35,2022-05-27
1744,捍衛戰士：獨行俠,台北美麗華大直影城,IMAX,14:10,2022-05-27
1745,捍衛戰士：獨行俠,台北美麗華大直影城,IMAX,16:45,2022-05-27
1746,捍衛戰士：獨行俠,台北美麗華大直影城,IMAX,19:20,2022-05-27
1747,捍衛戰士：獨行俠,台北美麗華大直影城,IMAX,21:55,2022-05-27
1748,捍衛戰士：獨行俠,台北美麗華大直影城,IMAX,00:30,2022-05-27
1749,捍衛戰士：獨行俠,台北美麗華大直影城,數位,09:50,2022-05-27
1750,捍衛戰士：獨行俠,台北美麗華大直影城,數位,11:00,2022-05-27
1751,捍衛戰士：獨行俠,台北美麗華大直影城,數位,12:25,2022-05-27
1752,捍衛戰士：獨行俠,台北美麗華大直影城,數位,13:35,2022-05-27
1753,捍衛戰士：獨行俠,台北美麗華大直影城,數位,15:00,2022-05-27
1754,捍衛戰士：獨行俠,台北美麗華大直影城,數位,16:10,2022-05-27
1755,捍衛戰士：獨行俠,台北美麗華大直影城,數位,17:35,2022-05-27
1756,捍衛戰士：獨行俠,台北美麗華大直影城,數位,18:45,2022-05-27
1757,捍衛戰士：獨行俠,台北美麗華大直影城,數位,20:10,2022-05-27
1758,捍衛戰士：獨行俠,台北美麗華大直影城,數位,21:20,2022-05-27
1759,捍衛戰士：獨行俠,台北美麗華大直影城,數位,22:45,2022-05-27
1760,捍衛戰士：獨行俠,台北美麗華大直影城,數位,23:55,2022-05-27
1761,捍衛戰士：獨行俠,台北新光影城,數位,11:45,2022-05-27
1762,捍衛戰士：獨行俠,台北新光影城,數位,14:15,2022-05-27
1763,捍衛戰士：獨行俠,台北新光影城,數位,16:45,2022-05-27
1764,捍衛戰士：獨行俠,台北新光影城,數位,19:15,2022-05-27
1765,捍衛戰士：獨行俠,台北in89豪華數位影城,數位,09:30,2022-05-27
1766,捍衛戰士：獨行俠,台北in89豪華數位影城,數位,11:50,2022-05-27
1767,捍衛戰士：獨行俠,台北in89豪華數位影城,數位,14:20,2022-05-27
1768,捍衛戰士：獨行俠,台北in89豪華數位影城,數位,16:50,2022-05-27
1769,捍衛戰士：獨行俠,台北in89豪華數位影城,數位,19:20,2022-05-27
1770,捍衛戰士：獨行俠,台北in89豪華數位影城,數位,21:50,2022-05-27
1771,捍衛戰士：獨行俠,台北in89豪華數位影城,數位,00:20,2022-05-27
1772,捍衛戰士：獨行俠,喜滿客絕色影城,數位,13:50,2022-05-27
1773,捍衛戰士：獨行俠,喜滿客絕色影城,數位,16:20,2022-05-27
1774,捍衛戰士：獨行俠,喜滿客絕色影城,數位,18:50,2022-05-27
1775,捍衛戰士：獨行俠,喜滿客絕色影城,數位,21:20,2022-05-27
1776,捍衛戰士：獨行俠,台北信義威秀影城,數位,09:00,2022-05-27
1777,捍衛戰士：獨行俠,台北信義威秀影城,數位,10:25,2022-05-27
1778,捍衛戰士：獨行俠,台北信義威秀影城,數位,11:30,2022-05-27
1779,捍衛戰士：獨行俠,台北信義威秀影城,數位,12:55,2022-05-27
1780,捍衛戰士：獨行俠,台北信義威秀影城,數位,14:00,2022-05-27
1781,捍衛戰士：獨行俠,台北信義威秀影城,數位,15:25,2022-05-27
1782,捍衛戰士：獨行俠,台北信義威秀影城,數位,16:30,2022-05-27
1783,捍衛戰士：獨行俠,台北信義威秀影城,數位,17:55,2022-05-27
1784,捍衛戰士：獨行俠,台北信義威秀影城,數位,19:00,2022-05-27
1785,捍衛戰士：獨行俠,台北信義威秀影城,數位,20:25,2022-05-27
1786,捍衛戰士：獨行俠,台北信義威秀影城,數位,21:30,2022-05-27
1787,捍衛戰士：獨行俠,台北信義威秀影城,數位,22:55,2022-05-27
1788,捍衛戰士：獨行俠,台北信義威秀影城,數位,00:00,2022-05-27
1789,捍衛戰士：獨行俠,台北信義威秀影城,數位,01:25,2022-05-27
1790,捍衛戰士：獨行俠,哈拉影城,數位,10:00,2022-05-27
1791,捍衛戰士：獨行俠,哈拉影城,數位,10:30,2022-05-27
1792,捍衛戰士：獨行俠,哈拉影城,數位,11:10,2022-05-27
1793,捍衛戰士：獨行俠,哈拉影城,數位,12:30,2022-05-27
1794,捍衛戰士：獨行俠,哈拉影城,數位,13:00,2022-05-27
1795,捍衛戰士：獨行俠,哈拉影城,數位,13:40,2022-05-27
1796,捍衛戰士：獨行俠,哈拉影城,數位,14:20,2022-05-27
1797,捍衛戰士：獨行俠,哈拉影城,數位,15:00,2022-05-27
1798,捍衛戰士：獨行俠,哈拉影城,數位,15:30,2022-05-27
1799,捍衛戰士：獨行俠,哈拉影城,數位,16:10,2022-05-27
1800,捍衛戰士：獨行俠,哈拉影城,數位,16:50,2022-05-27
1801,捍衛戰士：獨行俠,哈拉影城,數位,17:30,2022-05-27
1802,捍衛戰士：獨行俠,哈拉影城,數位,18:00,2022-05-27
1803,捍衛戰士：獨行俠,哈拉影城,數位,18:40,2022-05-27
1804,捍衛戰士：獨行俠,哈拉影城,數位,19:20,2022-05-27
1805,捍衛戰士：獨行俠,哈拉影城,數位,19:40,2022-05-27
1806,捍衛戰士：獨行俠,哈拉影城,數位,20:00,2022-05-27
1807,捍衛戰士：獨行俠,哈拉影城,數位,20:30,2022-05-27
1808,捍衛戰士：獨行俠,哈拉影城,數位,21:10,2022-05-27
1809,捍衛戰士：獨行俠,哈拉影城,數位,21:50,2022-05-27
1810,捍衛戰士：獨行俠,京站威秀影城,數位,09:00,2022-05-27
1811,捍衛戰士：獨行俠,京站威秀影城,數位,11:30,2022-05-27
1812,捍衛戰士：獨行俠,京站威秀影城,數位,14:00,2022-05-27
1813,捍衛戰士：獨行俠,京站威秀影城,數位,16:30,2022-05-27
1814,捍衛戰士：獨行俠,京站威秀影城,數位,19:00,2022-05-27
1815,捍衛戰士：獨行俠,京站威秀影城,數位,21:30,2022-05-27
1816,捍衛戰士：獨行俠,京站威秀影城,數位,00:00,2022-05-27
1817,捍衛戰士：獨行俠,台北新民生戲院,數位,10:30,2022-05-27
1818,捍衛戰士：獨行俠,台北新民生戲院,數位,13:00,2022-05-27
1819,捍衛戰士：獨行俠,台北新民生戲院,數位,15:30,2022-05-27
1820,捍衛戰士：獨行俠,台北新民生戲院,數位,18:00,2022-05-27
1821,捍衛戰士：獨行俠,台北新民生戲院,數位,20:30,2022-05-27
1822,捍衛戰士：獨行俠,台北新民生戲院,數位,23:00,2022-05-27
1823,捍衛戰士：獨行俠,喜樂時代影城南港店,數位,10:45,2022-05-27
1824,捍衛戰士：獨行俠,喜樂時代影城南港店,數位,11:50,2022-05-27
1825,捍衛戰士：獨行俠,喜樂時代影城南港店,數位,13:15,2022-05-27
1826,捍衛戰士：獨行俠,喜樂時代影城南港店,數位,14:15,2022-05-27
1827,捍衛戰士：獨行俠,喜樂時代影城南港店,數位,15:45,2022-05-27
1828,捍衛戰士：獨行俠,喜樂時代影城南港店,數位,16:45,2022-05-27
1829,捍衛戰士：獨行俠,喜樂時代影城南港店,數位,18:15,2022-05-27
1830,捍衛戰士：獨行俠,喜樂時代影城南港店,數位,20:45,2022-05-27
1831,捍衛戰士：獨行俠,喜樂時代影城南港店,數位,21:50,2022-05-27
1832,捍衛戰士：獨行俠,MUVIE CINEMAS台北松仁威秀,TITAN,09:30,2022-05-27
1833,捍衛戰士：獨行俠,MUVIE CINEMAS台北松仁威秀,TITAN,12:00,2022-05-27
1834,捍衛戰士：獨行俠,MUVIE CINEMAS台北松仁威秀,TITAN,14:30,2022-05-27
1835,捍衛戰士：獨行俠,MUVIE CINEMAS台北松仁威秀,TITAN,17:00,2022-05-27
1836,捍衛戰士：獨行俠,MUVIE CINEMAS台北松仁威秀,TITAN,19:30,2022-05-27
1837,捍衛戰士：獨行俠,MUVIE CINEMAS台北松仁威秀,TITAN,22:00,2022-05-27
1838,捍衛戰士：獨行俠,MUVIE CINEMAS台北松仁威秀,TITAN,00:30,2022-05-27
1839,捍衛戰士：獨行俠,MUVIE CINEMAS台北松仁威秀,數位,10:20,2022-05-27
1840,捍衛戰士：獨行俠,MUVIE CINEMAS台北松仁威秀,數位,12:50,2022-05-27
1841,捍衛戰士：獨行俠,MUVIE CINEMAS台北松仁威秀,數位,15:20,2022-05-27
1842,捍衛戰士：獨行俠,MUVIE CINEMAS台北松仁威秀,數位,17:50,2022-05-27
1843,捍衛戰士：獨行俠,MUVIE CINEMAS台北松仁威秀,數位,20:20,2022-05-27
1844,捍衛戰士：獨行俠,MUVIE CINEMAS台北松仁威秀,數位,22:50,2022-05-27
